StudentID;ParentalEducation;ParentalSupport
1001;2.0;2
1002;1.0;1
1003;3.0;2
1004;3.0;3
1005;2.0;3
1006;1.0;1
1007;1.0;3
1008;4.0;1
1009;0.0;2
1010;1.0;3
1011;1.0;1
1012;1.0;2
1013;1.0;3
1014;2.0;4
1015;1.0;2
1016;2.0;0
1017;1.0;2
1018;0.0;2
1019;3.0;2
1020;1.0;2
1021;3.0;3
1022;2.0;1
1023;0.0;1
1024;4.0;2
1025;1.0;2
1026;3.0;4
1027;1.0;2
1028;3.0;3
1029;0.0;3
1030;2.0;3
1031;2.0;0
1032;3.0;4
1033;3.0;1
1034;3.0;0
1035;3.0;2
1036;1.0;1
1037;;1
1038;1.0;1
1039;1.0;1
1040;1.0;3
1041;2.0;1
1042;1.0;2
1043;2.0;4
1044;1.0;2
1045;1.0;3
1046;2.0;4
1047;2.0;1
1048;2.0;2
1049;2.0;3
1050;1.0;4
1051;2.0;3
1052;0.0;1
1053;1.0;4
1054;2.0;1
1055;0.0;2
1056;1.0;2
1057;4.0;2
1058;4.0;3
1059;1.0;3
1060;0.0;3
1061;1.0;0
1062;1.0;2
1063;3.0;3
1064;1.0;2
1065;;4
1066;1.0;3
1067;4.0;3
1068;1.0;0
1069;;3
1070;1.0;4
1071;2.0;2
1072;1.0;3
1073;1.0;2
1074;3.0;2
1075;3.0;3
1076;3.0;3
1077;2.0;3
1078;3.0;1
1079;0.0;1
1080;1.0;3
1081;1.0;1
1082;2.0;2
1083;1.0;0
1084;1.0;1
1085;2.0;3
1086;3.0;3
1087;1.0;1
1088;1.0;1
1089;1.0;0
1090;1.0;2
1091;1.0;1
1092;2.0;2
1093;2.0;3
1094;2.0;3
1095;1.0;1
1096;3.0;3
1097;1.0;4
1098;2.0;2
1099;3.0;2
1100;1.0;2
1101;1.0;1
1102;3.0;3
1103;1.0;3
1104;2.0;2
1105;0.0;3
1106;2.0;3
1107;1.0;0
1108;0.0;1
1109;;3
1110;1.0;4
1111;1.0;3
1112;0.0;4
1113;1.0;2
1114;1.0;1
1115;0.0;2
1116;3.0;0
1117;0.0;3
1118;;4
1119;1.0;3
1120;1.0;2
1121;3.0;1
1122;1.0;1
1123;4.0;2
1124;1.0;3
1125;2.0;2
1126;2.0;4
1127;3.0;3
1128;2.0;1
1129;2.0;1
1130;1.0;3
1131;1.0;1
1132;3.0;3
1133;1.0;2
1134;1.0;1
1135;2.0;2
1136;1.0;2
1137;4.0;3
1138;2.0;0
1139;2.0;3
1140;3.0;3
1141;0.0;3
1142;1.0;0
1143;2.0;3
1144;1.0;2
1145;2.0;2
1146;3.0;3
1147;2.0;2
1148;1.0;3
1149;4.0;1
1150;2.0;3
1151;2.0;1
1152;1.0;3
1153;3.0;4
1154;;2
1155;2.0;2
1156;3.0;3
1157;1.0;0
1158;2.0;2
1159;3.0;2
1160;1.0;3
1161;2.0;3
1162;3.0;3
1163;2.0;3
1164;2.0;3
1165;3.0;2
1166;3.0;2
1167;1.0;2
1168;0.0;4
1169;2.0;3
1170;2.0;2
1171;2.0;3
1172;2.0;2
1173;1.0;3
1174;2.0;2
1175;1.0;1
1176;2.0;3
1177;2.0;3
1178;1.0;2
1179;1.0;2
1180;;3
1181;2.0;3
1182;1.0;3
1183;4.0;2
1184;2.0;4
1185;4.0;3
1186;2.0;3
1187;2.0;3
1188;3.0;1
1189;2.0;0
1190;2.0;3
1191;1.0;2
1192;2.0;3
1193;1.0;2
1194;1.0;2
1195;0.0;1
1196;0.0;3
1197;4.0;1
1198;1.0;3
1199;2.0;2
1200;3.0;3
1201;2.0;1
1202;1.0;1
1203;2.0;3
1204;2.0;2
1205;2.0;1
1206;2.0;4
1207;4.0;1
1208;2.0;2
1209;1.0;1
1210;2.0;2
1211;0.0;2
1212;3.0;1
1213;1.0;3
1214;1.0;2
1215;3.0;3
1216;;1
1217;1.0;2
1218;2.0;0
1219;3.0;3
1220;1.0;3
1221;3.0;3
1222;0.0;2
1223;2.0;3
1224;3.0;3
1225;1.0;0
1226;2.0;1
1227;1.0;2
1228;2.0;3
1229;2.0;0
1230;2.0;3
1231;1.0;2
1232;1.0;2
1233;0.0;1
1234;1.0;2
1235;2.0;0
1236;3.0;0
1237;2.0;3
1238;2.0;2
1239;4.0;2
1240;2.0;1
1241;3.0;2
1242;2.0;0
1243;1.0;2
1244;0.0;2
1245;2.0;2
1246;1.0;4
1247;1.0;2
1248;2.0;2
1249;2.0;2
1250;2.0;1
1251;1.0;3
1252;1.0;2
1253;;1
1254;4.0;3
1255;2.0;0
1256;3.0;4
1257;2.0;3
1258;2.0;2
1259;1.0;1
1260;2.0;1
1261;2.0;1
1262;2.0;1
1263;2.0;2
1264;2.0;4
1265;1.0;2
1266;2.0;3
1267;1.0;3
1268;3.0;3
1269;;0
1270;0.0;2
1271;2.0;3
1272;2.0;3
1273;2.0;4
1274;1.0;3
1275;2.0;1
1276;1.0;2
1277;3.0;0
1278;3.0;3
1279;2.0;2
1280;1.0;3
1281;2.0;4
1282;0.0;3
1283;;2
1284;1.0;1
1285;3.0;3
1286;0.0;1
1287;2.0;1
1288;2.0;1
1289;2.0;2
1290;0.0;1
1291;4.0;4
1292;2.0;4
1293;2.0;4
1294;1.0;0
1295;2.0;4
1296;2.0;4
1297;0.0;4
1298;1.0;3
1299;3.0;3
1300;1.0;1
1301;1.0;3
1302;2.0;0
1303;2.0;2
1304;0.0;4
1305;2.0;2
1306;1.0;1
1307;0.0;4
1308;0.0;4
1309;3.0;1
1310;1.0;3
1311;0.0;2
1312;2.0;2
1313;3.0;1
1314;1.0;0
1315;;1
1316;0.0;0
1317;2.0;4
1318;2.0;3
1319;2.0;3
1320;1.0;3
1321;1.0;1
1322;1.0;4
1323;1.0;3
1324;0.0;2
1325;2.0;1
1326;4.0;3
1327;;3
1328;3.0;3
1329;2.0;0
1330;2.0;1
1331;1.0;2
1332;2.0;3
1333;2.0;0
1334;2.0;2
1335;2.0;2
1336;1.0;3
1337;1.0;2
1338;3.0;2
1339;0.0;3
1340;2.0;4
1341;3.0;1
1342;2.0;1
1343;2.0;4
1344;1.0;2
1345;1.0;3
1346;3.0;3
1347;2.0;1
1348;2.0;3
1349;0.0;3
1350;0.0;2
1351;4.0;0
1352;;4
1353;2.0;2
1354;0.0;3
1355;;3
1356;3.0;2
1357;2.0;3
1358;1.0;4
1359;2.0;2
1360;2.0;2
1361;2.0;4
1362;3.0;1
1363;2.0;0
1364;3.0;4
1365;2.0;3
1366;1.0;4
1367;;0
1368;;1
1369;3.0;1
1370;2.0;3
1371;2.0;3
1372;1.0;2
1373;1.0;0
1374;2.0;3
1375;2.0;2
1376;1.0;1
1377;2.0;4
1378;0.0;1
1379;1.0;3
1380;2.0;3
1381;1.0;2
1382;4.0;1
1383;1.0;2
1384;1.0;3
1385;1.0;1
1386;2.0;3
1387;2.0;4
1388;2.0;4
1389;0.0;2
1390;0.0;3
1391;2.0;4
1392;3.0;2
1393;3.0;1
1394;0.0;1
1395;2.0;1
1396;3.0;3
1397;1.0;2
1398;3.0;3
1399;1.0;3
1400;;3
1401;2.0;3
1402;3.0;0
1403;2.0;3
1404;1.0;2
1405;3.0;2
1406;1.0;0
1407;1.0;4
1408;2.0;4
1409;2.0;2
1410;3.0;2
1411;1.0;3
1412;2.0;1
1413;2.0;1
1414;0.0;3
1415;1.0;1
1416;;2
1417;1.0;2
1418;4.0;2
1419;2.0;1
1420;2.0;2
1421;4.0;2
1422;1.0;2
1423;3.0;3
1424;2.0;4
1425;3.0;1
1426;1.0;3
1427;3.0;1
1428;1.0;2
1429;1.0;2
1430;2.0;2
1431;;3
1432;2.0;2
1433;2.0;2
1434;2.0;3
1435;;1
1436;0.0;1
1437;1.0;0
1438;2.0;1
1439;;2
1440;1.0;2
1441;1.0;1
1442;0.0;0
1443;;3
1444;3.0;3
1445;1.0;4
1446;2.0;4
1447;2.0;4
1448;;3
1449;2.0;3
1450;2.0;1
1451;2.0;3
1452;0.0;0
1453;2.0;3
1454;2.0;2
1455;0.0;3
1456;1.0;0
1457;4.0;2
1458;2.0;2
1459;2.0;1
1460;3.0;2
1461;2.0;0
1462;2.0;2
1463;2.0;2
1464;3.0;3
1465;2.0;2
1466;2.0;2
1467;1.0;4
1468;4.0;2
1469;2.0;2
1470;0.0;2
1471;3.0;3
1472;2.0;2
1473;0.0;2
1474;;3
1475;2.0;0
1476;3.0;3
1477;1.0;2
1478;3.0;2
1479;2.0;3
1480;0.0;1
1481;4.0;3
1482;2.0;4
1483;1.0;2
1484;2.0;4
1485;3.0;0
1486;1.0;3
1487;1.0;2
1488;1.0;2
1489;1.0;1
1490;2.0;2
1491;;1
1492;1.0;4
1493;1.0;3
1494;1.0;1
1495;3.0;1
1496;1.0;3
1497;4.0;2
1498;2.0;1
1499;1.0;2
1500;3.0;2
1501;2.0;1
1502;2.0;3
1503;4.0;3
1504;0.0;0
1505;0.0;4
1506;2.0;2
1507;1.0;1
1508;1.0;1
1509;0.0;1
1510;0.0;2
1511;2.0;1
1512;1.0;2
1513;2.0;1
1514;2.0;3
1515;2.0;3
1516;0.0;2
1517;2.0;3
1518;0.0;4
1519;2.0;3
1520;3.0;2
1521;2.0;2
1522;2.0;3
1523;2.0;1
1524;1.0;2
1525;3.0;2
1526;3.0;3
1527;1.0;3
1528;2.0;2
1529;3.0;1
1530;4.0;4
1531;2.0;0
1532;2.0;0
1533;1.0;2
1534;4.0;3
1535;1.0;3
1536;2.0;4
1537;1.0;1
1538;1.0;2
1539;2.0;1
1540;4.0;3
1541;0.0;2
1542;2.0;0
1543;0.0;3
1544;1.0;2
1545;;2
1546;;3
1547;1.0;1
1548;1.0;1
1549;0.0;1
1550;1.0;2
1551;4.0;1
1552;3.0;3
1553;1.0;1
1554;2.0;4
1555;3.0;1
1556;0.0;1
1557;3.0;1
1558;3.0;3
1559;0.0;2
1560;1.0;3
1561;;3
1562;2.0;4
1563;0.0;3
1564;1.0;0
1565;2.0;3
1566;;4
1567;;4
1568;4.0;1
1569;1.0;3
1570;2.0;1
1571;2.0;1
1572;2.0;3
1573;1.0;4
1574;4.0;2
1575;3.0;3
1576;2.0;0
1577;2.0;0
1578;1.0;2
1579;;2
1580;2.0;3
1581;2.0;2
1582;4.0;2
1583;2.0;2
1584;1.0;1
1585;2.0;4
1586;1.0;2
1587;1.0;2
1588;1.0;3
1589;2.0;2
1590;2.0;3
1591;2.0;1
1592;2.0;1
1593;2.0;4
1594;1.0;3
1595;3.0;2
1596;1.0;3
1597;1.0;4
1598;2.0;1
1599;;0
1600;0.0;2
1601;2.0;1
1602;2.0;1
1603;2.0;3
1604;4.0;0
1605;2.0;3
1606;3.0;2
1607;1.0;2
1608;;3
1609;3.0;2
1610;2.0;1
1611;2.0;1
1612;1.0;3
1613;0.0;1
1614;2.0;0
1615;1.0;4
1616;3.0;4
1617;1.0;2
1618;4.0;0
1619;4.0;3
1620;1.0;3
1621;1.0;1
1622;3.0;1
1623;4.0;3
1624;2.0;4
1625;1.0;3
1626;2.0;1
1627;2.0;2
1628;1.0;3
1629;2.0;1
1630;;1
1631;0.0;1
1632;1.0;2
1633;1.0;2
1634;1.0;3
1635;2.0;3
1636;1.0;4
1637;1.0;3
1638;1.0;1
1639;4.0;2
1640;2.0;2
1641;2.0;0
1642;2.0;4
1643;4.0;0
1644;1.0;2
1645;2.0;2
1646;2.0;2
1647;2.0;3
1648;0.0;2
1649;2.0;1
1650;0.0;1
1651;2.0;4
1652;2.0;1
1653;1.0;1
1654;3.0;2
1655;0.0;1
1656;3.0;2
1657;2.0;3
1658;1.0;3
1659;1.0;3
1660;4.0;1
1661;0.0;2
1662;1.0;0
1663;1.0;0
1664;2.0;2
1665;2.0;1
1666;1.0;3
1667;1.0;3
1668;1.0;3
1669;1.0;3
1670;2.0;0
1671;2.0;2
1672;1.0;1
1673;1.0;2
1674;1.0;1
1675;4.0;0
1676;4.0;2
1677;3.0;3
1678;1.0;3
1679;0.0;2
1680;1.0;2
1681;1.0;2
1682;2.0;3
1683;2.0;0
1684;3.0;3
1685;3.0;2
1686;;1
1687;2.0;0
1688;1.0;1
1689;0.0;2
1690;2.0;3
1691;0.0;2
1692;2.0;2
1693;1.0;4
1694;2.0;1
1695;2.0;1
1696;1.0;2
1697;3.0;3
1698;1.0;3
1699;2.0;2
1700;2.0;4
1701;2.0;3
1702;4.0;0
1703;1.0;3
1704;2.0;0
1705;2.0;3
1706;3.0;1
1707;1.0;3
1708;2.0;2
1709;2.0;3
1710;1.0;2
1711;2.0;3
1712;1.0;1
1713;2.0;4
1714;3.0;3
1715;;1
1716;2.0;4
1717;2.0;2
1718;0.0;3
1719;1.0;3
1720;2.0;0
1721;1.0;4
1722;1.0;2
1723;2.0;1
1724;1.0;3
1725;1.0;3
1726;2.0;0
1727;1.0;1
1728;3.0;3
1729;3.0;0
1730;2.0;4
1731;1.0;3
1732;2.0;2
1733;3.0;2
1734;2.0;2
1735;1.0;2
1736;2.0;3
1737;3.0;4
1738;2.0;2
1739;2.0;2
1740;2.0;1
1741;2.0;3
1742;0.0;3
1743;2.0;3
1744;0.0;0
1745;2.0;3
1746;1.0;2
1747;2.0;3
1748;1.0;3
1749;2.0;3
1750;2.0;2
1751;1.0;3
1752;1.0;0
1753;1.0;3
1754;3.0;0
1755;2.0;2
1756;2.0;1
1757;1.0;3
1758;2.0;2
1759;3.0;3
1760;3.0;3
1761;2.0;3
1762;0.0;1
1763;1.0;3
1764;0.0;2
1765;1.0;0
1766;1.0;1
1767;;1
1768;1.0;0
1769;3.0;2
1770;2.0;0
1771;3.0;2
1772;;1
1773;1.0;1
1774;2.0;4
1775;1.0;2
1776;2.0;1
1777;1.0;2
1778;4.0;1
1779;;0
1780;1.0;0
1781;3.0;4
1782;0.0;3
1783;2.0;3
1784;2.0;4
1785;3.0;4
1786;4.0;3
1787;4.0;3
1788;0.0;2
1789;3.0;1
1790;2.0;2
1791;2.0;2
1792;1.0;4
1793;2.0;2
1794;4.0;3
1795;3.0;2
1796;2.0;1
1797;0.0;2
1798;1.0;2
1799;3.0;2
1800;2.0;2
1801;2.0;1
1802;0.0;2
1803;2.0;3
1804;2.0;2
1805;3.0;2
1806;2.0;0
1807;1.0;1
1808;2.0;2
1809;0.0;2
1810;4.0;2
1811;1.0;3
1812;2.0;1
1813;1.0;0
1814;2.0;2
1815;2.0;2
1816;2.0;2
1817;1.0;3
1818;1.0;3
1819;1.0;1
1820;2.0;4
1821;0.0;1
1822;2.0;3
1823;3.0;3
1824;3.0;3
1825;2.0;1
1826;2.0;2
1827;0.0;2
1828;2.0;1
1829;3.0;0
1830;1.0;2
1831;2.0;2
1832;3.0;3
1833;3.0;1
1834;;3
1835;2.0;1
1836;1.0;3
1837;1.0;2
1838;3.0;2
1839;;3
1840;2.0;1
1841;;1
1842;3.0;2
1843;2.0;1
1844;1.0;2
1845;2.0;1
1846;0.0;3
1847;2.0;3
1848;2.0;0
1849;1.0;3
1850;1.0;2
1851;1.0;2
1852;0.0;2
1853;2.0;3
1854;3.0;2
1855;0.0;3
1856;0.0;1
1857;2.0;4
1858;;3
1859;1.0;1
1860;1.0;3
1861;2.0;2
1862;1.0;1
1863;0.0;1
1864;2.0;0
1865;2.0;3
1866;2.0;2
1867;2.0;2
1868;2.0;1
1869;1.0;2
1870;1.0;2
1871;1.0;3
1872;1.0;4
1873;2.0;2
1874;3.0;2
1875;4.0;2
1876;2.0;3
1877;1.0;1
1878;1.0;2
1879;3.0;3
1880;2.0;0
1881;2.0;1
1882;2.0;3
1883;2.0;1
1884;3.0;2
1885;0.0;2
1886;2.0;2
1887;3.0;1
1888;1.0;4
1889;2.0;0
1890;1.0;3
1891;4.0;0
1892;0.0;2
1893;2.0;1
1894;1.0;1
1895;2.0;1
1896;1.0;2
1897;1.0;2
1898;2.0;1
1899;3.0;4
1900;1.0;1
1901;1.0;2
1902;2.0;1
1903;2.0;2
1904;3.0;3
1905;1.0;2
1906;2.0;1
1907;1.0;1
1908;1.0;3
1909;2.0;1
1910;2.0;2
1911;2.0;1
1912;1.0;1
1913;2.0;1
1914;2.0;3
1915;4.0;3
1916;1.0;2
1917;1.0;1
1918;1.0;2
1919;2.0;2
1920;1.0;2
1921;3.0;0
1922;1.0;4
1923;3.0;2
1924;1.0;4
1925;2.0;0
1926;3.0;1
1927;1.0;1
1928;4.0;3
1929;;2
1930;3.0;3
1931;2.0;3
1932;1.0;3
1933;1.0;3
1934;1.0;3
1935;0.0;3
1936;1.0;2
1937;1.0;3
1938;2.0;3
1939;2.0;2
1940;1.0;4
1941;1.0;0
1942;2.0;2
1943;;1
1944;;1
1945;;3
1946;3.0;4
1947;3.0;3
1948;1.0;4
1949;2.0;1
1950;;1
1951;2.0;2
1952;2.0;3
1953;2.0;0
1954;1.0;4
1955;0.0;3
1956;2.0;4
1957;3.0;2
1958;2.0;2
1959;3.0;3
1960;4.0;3
1961;1.0;1
1962;2.0;4
1963;2.0;3
1964;4.0;0
1965;4.0;1
1966;2.0;2
1967;1.0;2
1968;2.0;3
1969;1.0;0
1970;2.0;3
1971;3.0;3
1972;1.0;1
1973;2.0;2
1974;2.0;1
1975;2.0;1
1976;1.0;2
1977;2.0;4
1978;;1
1979;3.0;2
1980;1.0;1
1981;3.0;1
1982;2.0;2
1983;1.0;3
1984;0.0;0
1985;1.0;4
1986;3.0;0
1987;2.0;3
1988;2.0;3
1989;1.0;2
1990;2.0;1
1991;0.0;2
1992;1.0;3
1993;2.0;3
1994;1.0;2
1995;3.0;2
1996;1.0;3
1997;2.0;4
1998;2.0;3
1999;2.0;3
2000;1.0;2
2001;0.0;3
2002;;3
2003;1.0;3
2004;3.0;2
2005;4.0;2
2006;1.0;2
2007;1.0;2
2008;2.0;2
2009;4.0;3
2010;3.0;2
2011;2.0;1
2012;2.0;3
2013;1.0;3
2014;4.0;2
2015;4.0;1
2016;1.0;4
2017;1.0;3
2018;1.0;1
2019;1.0;0
2020;3.0;2
2021;1.0;3
2022;0.0;1
2023;1.0;2
2024;4.0;2
2025;2.0;3
2026;2.0;2
2027;1.0;2
2028;4.0;4
2029;3.0;1
2030;1.0;1
2031;0.0;3
2032;0.0;1
2033;1.0;3
2034;2.0;0
2035;3.0;1
2036;2.0;4
2037;3.0;2
2038;2.0;3
2039;2.0;1
2040;2.0;1
2041;1.0;3
2042;1.0;2
2043;2.0;2
2044;0.0;0
2045;1.0;2
2046;2.0;3
2047;4.0;3
2048;2.0;3
2049;3.0;3
2050;2.0;2
2051;2.0;2
2052;2.0;3
2053;;1
2054;2.0;1
2055;2.0;4
2056;2.0;0
2057;2.0;1
2058;1.0;2
2059;0.0;3
2060;0.0;2
2061;3.0;2
2062;1.0;4
2063;1.0;3
2064;2.0;3
2065;1.0;0
2066;2.0;1
2067;1.0;2
2068;4.0;1
2069;3.0;0
2070;3.0;1
2071;2.0;2
2072;2.0;3
2073;1.0;3
2074;0.0;0
2075;0.0;2
2076;2.0;1
2077;2.0;2
2078;;2
2079;0.0;2
2080;2.0;3
2081;;3
2082;2.0;3
2083;2.0;3
2084;1.0;3
2085;;3
2086;2.0;2
2087;1.0;2
2088;1.0;3
2089;2.0;0
2090;3.0;3
2091;2.0;4
2092;1.0;3
2093;3.0;0
2094;2.0;2
2095;2.0;3
2096;2.0;4
2097;1.0;2
2098;2.0;3
2099;1.0;3
2100;4.0;1
2101;2.0;3
2102;2.0;2
2103;2.0;2
2104;3.0;2
2105;3.0;3
2106;2.0;3
2107;2.0;2
2108;2.0;3
2109;2.0;3
2110;1.0;3
2111;2.0;2
2112;1.0;0
2113;3.0;2
2114;1.0;3
2115;4.0;1
2116;2.0;4
2117;2.0;3
2118;2.0;3
2119;1.0;3
2120;1.0;2
2121;0.0;3
2122;2.0;2
2123;2.0;3
2124;2.0;3
2125;1.0;3
2126;1.0;3
2127;2.0;0
2128;3.0;0
2129;2.0;3
2130;2.0;1
2131;2.0;2
2132;0.0;2
2133;4.0;0
2134;2.0;0
2135;1.0;3
2136;2.0;3
2137;1.0;2
2138;4.0;4
2139;;1
2140;2.0;1
2141;1.0;3
2142;2.0;3
2143;2.0;2
2144;2.0;4
2145;2.0;4
2146;3.0;0
2147;0.0;1
2148;1.0;3
2149;1.0;2
2150;4.0;0
2151;1.0;3
2152;;2
2153;;2
2154;1.0;1
2155;;3
2156;1.0;2
2157;2.0;1
2158;1.0;2
2159;0.0;2
2160;3.0;4
2161;4.0;4
2162;1.0;1
2163;1.0;3
2164;0.0;3
2165;2.0;3
2166;3.0;2
2167;1.0;0
2168;1.0;3
2169;2.0;1
2170;2.0;1
2171;0.0;3
2172;2.0;4
2173;1.0;1
2174;;3
2175;2.0;2
2176;3.0;3
2177;2.0;2
2178;3.0;1
2179;2.0;1
2180;2.0;2
2181;2.0;1
2182;3.0;0
2183;3.0;3
2184;0.0;2
2185;3.0;3
2186;3.0;1
2187;2.0;3
2188;1.0;2
2189;3.0;0
2190;3.0;2
2191;1.0;0
2192;4.0;3
2193;0.0;3
2194;1.0;2
2195;2.0;1
2196;2.0;1
2197;;2
2198;0.0;3
2199;4.0;1
2200;0.0;0
2201;1.0;2
2202;0.0;2
2203;2.0;1
2204;3.0;2
2205;2.0;2
2206;3.0;2
2207;0.0;2
2208;2.0;3
2209;;0
2210;2.0;1
2211;0.0;2
2212;2.0;2
2213;2.0;2
2214;2.0;3
2215;2.0;3
2216;1.0;1
2217;2.0;3
2218;1.0;2
2219;3.0;1
2220;2.0;4
2221;;3
2222;4.0;4
2223;2.0;1
2224;0.0;1
2225;2.0;2
2226;1.0;3
2227;3.0;1
2228;3.0;3
2229;4.0;2
2230;2.0;2
2231;2.0;3
2232;2.0;3
2233;1.0;0
2234;2.0;4
2235;2.0;2
2236;0.0;0
2237;2.0;3
2238;3.0;4
2239;3.0;3
2240;0.0;3
2241;0.0;3
2242;1.0;4
2243;3.0;0
2244;1.0;3
2245;2.0;3
2246;1.0;0
2247;2.0;2
2248;1.0;2
2249;2.0;3
2250;1.0;0
2251;2.0;3
2252;1.0;1
2253;2.0;2
2254;;3
2255;1.0;2
2256;3.0;2
2257;2.0;0
2258;1.0;3
2259;2.0;4
2260;1.0;4
2261;2.0;3
2262;2.0;1
2263;1.0;1
2264;2.0;1
2265;3.0;2
2266;3.0;1
2267;;1
2268;;3
2269;2.0;2
2270;1.0;3
2271;3.0;4
2272;2.0;3
2273;2.0;3
2274;2.0;3
2275;3.0;2
2276;3.0;0
2277;2.0;0
2278;1.0;1
2279;2.0;3
2280;2.0;4
2281;1.0;4
2282;2.0;0
2283;2.0;4
2284;1.0;2
2285;1.0;3
2286;1.0;1
2287;3.0;0
2288;1.0;2
2289;1.0;3
2290;2.0;1
2291;1.0;1
2292;0.0;4
2293;1.0;4
2294;2.0;0
2295;2.0;3
2296;1.0;2
2297;2.0;2
2298;4.0;2
2299;1.0;2
2300;1.0;2
2301;1.0;2
2302;2.0;2
2303;2.0;3
2304;1.0;3
2305;2.0;2
2306;0.0;1
2307;2.0;3
2308;2.0;3
2309;1.0;3
2310;2.0;2
2311;1.0;1
2312;2.0;3
2313;0.0;2
2314;3.0;4
2315;1.0;3
2316;3.0;1
2317;1.0;2
2318;2.0;3
2319;1.0;2
2320;3.0;2
2321;1.0;3
2322;1.0;3
2323;2.0;1
2324;0.0;2
2325;1.0;4
2326;3.0;4
2327;4.0;3
2328;1.0;4
2329;3.0;2
2330;2.0;2
2331;1.0;2
2332;2.0;1
2333;2.0;2
2334;4.0;2
2335;1.0;3
2336;2.0;3
2337;0.0;3
2338;1.0;2
2339;0.0;1
2340;4.0;2
2341;3.0;3
2342;2.0;1
2343;2.0;2
2344;1.0;2
2345;1.0;3
2346;1.0;3
2347;1.0;3
2348;2.0;2
2349;2.0;2
2350;0.0;1
2351;0.0;1
2352;1.0;1
2353;2.0;1
2354;3.0;1
2355;2.0;1
2356;3.0;1
2357;2.0;3
2358;1.0;4
2359;1.0;3
2360;3.0;0
2361;2.0;2
2362;1.0;3
2363;2.0;1
2364;2.0;3
2365;2.0;2
2366;3.0;4
2367;2.0;3
2368;2.0;3
2369;0.0;3
2370;0.0;1
2371;1.0;1
2372;0.0;2
2373;2.0;1
2374;2.0;1
2375;1.0;2
2376;3.0;3
2377;1.0;0
2378;;1
2379;1.0;2
2380;1.0;2
2381;1.0;1
2382;2.0;4
2383;2.0;2
2384;4.0;2
2385;0.0;0
2386;1.0;2
2387;;3
2388;2.0;1
2389;0.0;2
2390;3.0;0
2391;2.0;4
2392;2.0;0
2393;2.0;3
2394;1.0;2
2395;1.0;2
2396;1.0;3
2397;2.0;1
2398;1.0;2
2399;1.0;2
2400;4.0;0
2401;0.0;3
2402;3.0;0
2403;2.0;3
2404;1.0;2
2405;1.0;1
2406;1.0;3
2407;2.0;2
2408;2.0;2
2409;2.0;2
2410;3.0;1
2411;2.0;3
2412;1.0;2
2413;1.0;1
2414;3.0;3
2415;1.0;0
2416;0.0;1
2417;2.0;2
2418;;3
2419;3.0;4
2420;2.0;3
2421;0.0;2
2422;3.0;3
2423;1.0;2
2424;1.0;1
2425;2.0;4
2426;0.0;1
2427;2.0;2
2428;1.0;3
2429;2.0;3
2430;1.0;0
2431;2.0;0
2432;3.0;2
2433;1.0;2
2434;1.0;2
2435;1.0;2
2436;;4
2437;2.0;1
2438;2.0;2
2439;1.0;2
2440;1.0;1
2441;;1
2442;2.0;4
2443;1.0;3
2444;4.0;1
2445;2.0;3
2446;1.0;1
2447;2.0;3
2448;3.0;0
2449;2.0;3
2450;1.0;0
2451;1.0;2
2452;3.0;3
2453;2.0;1
2454;2.0;2
2455;3.0;0
2456;3.0;3
2457;3.0;2
2458;0.0;2
2459;2.0;4
2460;2.0;2
2461;;0
2462;2.0;3
2463;1.0;3
2464;;4
2465;2.0;1
2466;0.0;2
2467;2.0;3
2468;1.0;3
2469;1.0;3
2470;0.0;1
2471;2.0;1
2472;2.0;1
2473;2.0;4
2474;2.0;1
2475;3.0;2
2476;1.0;2
2477;1.0;2
2478;3.0;2
2479;1.0;3
2480;4.0;2
2481;3.0;1
2482;2.0;2
2483;4.0;3
2484;0.0;4
2485;1.0;3
2486;2.0;3
2487;1.0;2
2488;3.0;3
2489;0.0;4
2490;2.0;2
2491;2.0;0
2492;2.0;4
2493;1.0;3
2494;1.0;2
2495;3.0;4
2496;1.0;2
2497;3.0;2
2498;2.0;3
2499;2.0;1
2500;2.0;3
2501;1.0;1
2502;2.0;1
2503;3.0;2
2504;2.0;2
2505;4.0;1
2506;2.0;4
2507;1.0;2
2508;1.0;1
2509;4.0;2
2510;1.0;3
2511;3.0;2
2512;3.0;1
2513;1.0;1
2514;0.0;2
2515;2.0;2
2516;1.0;3
2517;2.0;4
2518;2.0;1
2519;2.0;3
2520;2.0;4
2521;1.0;4
2522;2.0;4
2523;1.0;3
2524;1.0;2
2525;2.0;2
2526;3.0;2
2527;1.0;3
2528;2.0;2
2529;2.0;1
2530;1.0;1
2531;;3
2532;3.0;3
2533;2.0;2
2534;2.0;1
2535;2.0;3
2536;0.0;0
2537;2.0;2
2538;;2
2539;2.0;4
2540;1.0;2
2541;0.0;2
2542;1.0;3
2543;4.0;2
2544;2.0;1
2545;2.0;2
2546;;4
2547;0.0;2
2548;2.0;3
2549;2.0;4
2550;2.0;3
2551;1.0;3
2552;2.0;3
2553;1.0;4
2554;1.0;4
2555;2.0;4
2556;1.0;3
2557;1.0;2
2558;2.0;1
2559;2.0;2
2560;3.0;4
2561;2.0;3
2562;0.0;2
2563;1.0;2
2564;4.0;2
2565;2.0;2
2566;;3
2567;0.0;2
2568;2.0;1
2569;0.0;2
2570;2.0;1
2571;3.0;4
2572;4.0;2
2573;2.0;4
2574;2.0;1
2575;3.0;1
2576;2.0;3
2577;0.0;3
2578;2.0;2
2579;1.0;1
2580;2.0;0
2581;2.0;3
2582;2.0;1
2583;1.0;2
2584;1.0;3
2585;;0
2586;3.0;1
2587;2.0;0
2588;1.0;4
2589;3.0;2
2590;3.0;4
2591;1.0;1
2592;0.0;3
2593;2.0;1
2594;3.0;2
2595;4.0;3
2596;3.0;3
2597;2.0;3
2598;2.0;3
2599;0.0;1
2600;1.0;2
2601;2.0;2
2602;2.0;3
2603;2.0;1
2604;2.0;4
2605;1.0;2
2606;2.0;3
2607;0.0;1
2608;2.0;2
2609;2.0;3
2610;2.0;2
2611;4.0;4
2612;1.0;3
2613;2.0;2
2614;1.0;3
2615;2.0;3
2616;3.0;3
2617;2.0;1
2618;3.0;2
2619;1.0;3
2620;3.0;3
2621;0.0;2
2622;3.0;1
2623;1.0;2
2624;1.0;0
2625;2.0;3
2626;3.0;3
2627;0.0;2
2628;;3
2629;3.0;2
2630;1.0;3
2631;1.0;1
2632;2.0;2
2633;1.0;3
2634;3.0;1
2635;2.0;2
2636;2.0;2
2637;4.0;1
2638;2.0;1
2639;0.0;1
2640;1.0;4
2641;2.0;3
2642;;2
2643;3.0;3
2644;2.0;0
2645;1.0;2
2646;2.0;1
2647;2.0;1
2648;3.0;3
2649;3.0;1
2650;2.0;3
2651;2.0;2
2652;2.0;0
2653;2.0;3
2654;1.0;2
2655;1.0;2
2656;;1
2657;1.0;0
2658;0.0;4
2659;2.0;2
2660;0.0;0
2661;2.0;3
2662;2.0;1
2663;4.0;1
2664;2.0;1
2665;0.0;2
2666;2.0;0
2667;3.0;2
2668;4.0;3
2669;2.0;1
2670;1.0;2
2671;3.0;2
2672;1.0;2
2673;2.0;4
2674;2.0;2
2675;0.0;0
2676;1.0;2
2677;1.0;1
2678;2.0;3
2679;3.0;0
2680;1.0;1
2681;3.0;2
2682;0.0;1
2683;2.0;2
2684;0.0;1
2685;3.0;4
2686;2.0;1
2687;2.0;4
2688;3.0;2
2689;2.0;3
2690;4.0;1
2691;2.0;3
2692;3.0;2
2693;2.0;2
2694;1.0;3
2695;2.0;2
2696;1.0;2
2697;2.0;0
2698;2.0;1
2699;2.0;2
2700;0.0;0
2701;1.0;1
2702;2.0;1
2703;4.0;1
2704;1.0;2
2705;2.0;2
2706;2.0;4
2707;2.0;2
2708;1.0;4
2709;2.0;3
2710;1.0;4
2711;4.0;3
2712;1.0;3
2713;1.0;2
2714;0.0;1
2715;1.0;1
2716;2.0;4
2717;1.0;4
2718;0.0;3
2719;2.0;3
2720;0.0;4
2721;0.0;2
2722;3.0;3
2723;2.0;2
2724;3.0;2
2725;3.0;0
2726;2.0;2
2727;0.0;3
2728;2.0;2
2729;3.0;3
2730;2.0;2
2731;2.0;1
2732;1.0;3
2733;3.0;3
2734;2.0;1
2735;4.0;2
2736;1.0;2
2737;1.0;4
2738;1.0;3
2739;2.0;1
2740;1.0;2
2741;0.0;3
2742;4.0;3
2743;0.0;3
2744;3.0;1
2745;1.0;3
2746;3.0;3
2747;2.0;3
2748;3.0;2
2749;3.0;3
2750;0.0;3
2751;0.0;3
2752;1.0;2
2753;2.0;1
2754;3.0;2
2755;2.0;2
2756;2.0;2
2757;1.0;2
2758;3.0;2
2759;4.0;3
2760;1.0;1
2761;2.0;2
2762;0.0;3
2763;;2
2764;2.0;2
2765;1.0;2
2766;2.0;2
2767;1.0;1
2768;2.0;2
2769;2.0;4
2770;0.0;2
2771;2.0;0
2772;2.0;3
2773;1.0;2
2774;0.0;1
2775;2.0;3
2776;4.0;1
2777;1.0;4
2778;1.0;2
2779;1.0;3
2780;2.0;2
2781;1.0;1
2782;1.0;3
2783;2.0;4
2784;2.0;3
2785;1.0;3
2786;2.0;4
2787;2.0;1
2788;0.0;0
2789;0.0;0
2790;3.0;3
2791;0.0;3
2792;2.0;3
2793;3.0;4
2794;1.0;3
2795;1.0;2
2796;2.0;1
2797;3.0;4
2798;3.0;1
2799;2.0;2
2800;0.0;2
2801;2.0;1
2802;2.0;3
2803;2.0;1
2804;0.0;4
2805;;2
2806;2.0;3
2807;2.0;3
2808;1.0;3
2809;1.0;4
2810;3.0;1
2811;2.0;0
2812;1.0;0
2813;1.0;3
2814;1.0;4
2815;3.0;2
2816;2.0;3
2817;2.0;0
2818;2.0;1
2819;1.0;3
2820;3.0;0
2821;2.0;2
2822;1.0;3
2823;1.0;3
2824;2.0;2
2825;3.0;3
2826;1.0;2
2827;3.0;0
2828;2.0;3
2829;1.0;1
2830;0.0;0
2831;1.0;2
2832;2.0;3
2833;1.0;1
2834;1.0;0
2835;2.0;1
2836;;2
2837;1.0;2
2838;2.0;1
2839;2.0;3
2840;2.0;3
2841;3.0;3
2842;1.0;2
2843;3.0;2
2844;2.0;2
2845;2.0;2
2846;2.0;0
2847;2.0;3
2848;1.0;2
2849;2.0;1
2850;2.0;1
2851;2.0;1
2852;1.0;4
2853;3.0;1
2854;2.0;3
2855;0.0;2
2856;2.0;3
2857;2.0;2
2858;2.0;4
2859;2.0;1
2860;3.0;2
2861;1.0;1
2862;2.0;2
2863;3.0;2
2864;3.0;3
2865;2.0;2
2866;3.0;0
2867;0.0;3
2868;3.0;2
2869;1.0;1
2870;1.0;4
2871;1.0;4
2872;2.0;3
2873;;3
2874;1.0;0
2875;1.0;4
2876;1.0;2
2877;;1
2878;2.0;3
2879;1.0;1
2880;2.0;2
2881;3.0;1
2882;2.0;2
2883;1.0;2
2884;2.0;2
2885;1.0;0
2886;1.0;2
2887;;2
2888;;1
2889;1.0;4
2890;0.0;2
2891;1.0;3
2892;3.0;1
2893;2.0;2
2894;1.0;1
2895;2.0;2
2896;2.0;1
2897;2.0;2
2898;1.0;2
2899;3.0;1
2900;1.0;3
2901;2.0;4
2902;0.0;1
2903;;3
2904;1.0;3
2905;;2
2906;0.0;3
2907;2.0;4
2908;1.0;2
2909;2.0;3
2910;3.0;3
2911;2.0;2
2912;2.0;2
2913;2.0;4
2914;;3
2915;3.0;1
2916;1.0;1
2917;2.0;4
2918;2.0;0
2919;1.0;3
2920;1.0;1
2921;2.0;0
2922;3.0;0
2923;3.0;2
2924;2.0;0
2925;2.0;2
2926;3.0;3
2927;0.0;2
2928;1.0;3
2929;2.0;2
2930;3.0;2
2931;3.0;2
2932;2.0;2
2933;0.0;4
2934;2.0;3
2935;1.0;2
2936;1.0;3
2937;2.0;2
2938;0.0;1
2939;3.0;2
2940;2.0;3
2941;2.0;2
2942;0.0;3
2943;1.0;2
2944;0.0;2
2945;4.0;4
2946;3.0;2
2947;2.0;3
2948;1.0;3
2949;3.0;4
2950;1.0;0
2951;1.0;1
2952;2.0;3
2953;3.0;2
2954;0.0;2
2955;1.0;1
2956;3.0;1
2957;1.0;2
2958;1.0;1
2959;2.0;1
2960;3.0;0
2961;2.0;1
2962;4.0;3
2963;2.0;3
2964;0.0;0
2965;4.0;1
2966;2.0;2
2967;;2
2968;;3
2969;;3
2970;0.0;3
2971;0.0;2
2972;2.0;2
2973;3.0;3
2974;2.0;0
2975;4.0;0
2976;1.0;0
2977;1.0;2
2978;1.0;1
2979;1.0;1
2980;;3
2981;;4
2982;3.0;1
2983;4.0;2
2984;1.0;1
2985;3.0;4
2986;1.0;1
2987;1.0;3
2988;3.0;1
2989;2.0;3
2990;1.0;1
2991;2.0;1
2992;1.0;1
2993;2.0;1
2994;2.0;3
2995;4.0;3
2996;0.0;2
2997;1.0;4
2998;2.0;2
2999;2.0;4
3000;1.0;1
3001;;4
3002;3.0;0
3003;3.0;2
3004;3.0;2
3005;3.0;2
3006;;2
3007;3.0;2
3008;1.0;4
3009;1.0;4
3010;1.0;4
3011;2.0;4
3012;1.0;3
3013;4.0;4
3014;1.0;3
3015;0.0;2
3016;2.0;3
3017;0.0;4
3018;1.0;3
3019;1.0;2
3020;2.0;0
3021;2.0;3
3022;2.0;4
3023;2.0;2
3024;2.0;1
3025;1.0;2
3026;1.0;2
3027;2.0;2
3028;0.0;3
3029;0.0;4
3030;2.0;3
3031;2.0;2
3032;1.0;4
3033;1.0;2
3034;;1
3035;3.0;2
3036;2.0;3
3037;2.0;3
3038;2.0;4
3039;4.0;2
3040;4.0;1
3041;1.0;0
3042;3.0;3
3043;1.0;3
3044;1.0;2
3045;2.0;2
3046;2.0;4
3047;3.0;4
3048;0.0;1
3049;2.0;3
3050;3.0;3
3051;3.0;1
3052;1.0;2
3053;1.0;1
3054;2.0;1
3055;1.0;3
3056;4.0;2
3057;3.0;2
3058;1.0;2
3059;1.0;0
3060;0.0;3
3061;3.0;2
3062;1.0;2
3063;2.0;4
3064;2.0;2
3065;2.0;3
3066;0.0;2
3067;1.0;3
3068;3.0;3
3069;3.0;1
3070;2.0;3
3071;0.0;0
3072;1.0;4
3073;2.0;2
3074;1.0;3
3075;;2
3076;2.0;3
3077;0.0;4
3078;3.0;3
3079;4.0;1
3080;0.0;2
3081;2.0;2
3082;1.0;2
3083;1.0;2
3084;1.0;2
3085;2.0;2
3086;4.0;1
3087;2.0;2
3088;0.0;1
3089;2.0;1
3090;1.0;3
3091;3.0;0
3092;2.0;2
3093;1.0;2
3094;1.0;2
3095;2.0;3
3096;1.0;2
3097;2.0;1
3098;1.0;3
3099;1.0;4
3100;2.0;0
3101;;2
3102;3.0;2
3103;1.0;1
3104;1.0;2
3105;1.0;3
3106;2.0;1
3107;2.0;4
3108;3.0;2
3109;3.0;2
3110;1.0;3
3111;2.0;0
3112;;2
3113;;2
3114;0.0;2
3115;1.0;2
3116;2.0;0
3117;;1
3118;1.0;1
3119;0.0;4
3120;2.0;0
3121;1.0;1
3122;0.0;4
3123;1.0;3
3124;3.0;2
3125;3.0;0
3126;2.0;3
3127;2.0;1
3128;4.0;3
3129;1.0;4
3130;1.0;2
3131;1.0;1
3132;1.0;3
3133;1.0;2
3134;3.0;2
3135;2.0;2
3136;2.0;3
3137;3.0;2
3138;0.0;4
3139;1.0;3
3140;2.0;1
3141;2.0;3
3142;0.0;1
3143;2.0;3
3144;2.0;1
3145;2.0;2
3146;2.0;3
3147;1.0;1
3148;0.0;3
3149;2.0;3
3150;1.0;2
3151;3.0;2
3152;2.0;4
3153;1.0;1
3154;2.0;3
3155;2.0;3
3156;1.0;4
3157;3.0;3
3158;3.0;2
3159;2.0;4
3160;0.0;3
3161;2.0;3
3162;2.0;0
3163;1.0;2
3164;1.0;3
3165;3.0;2
3166;0.0;2
3167;2.0;1
3168;2.0;2
3169;2.0;1
3170;0.0;1
3171;3.0;2
3172;1.0;3
3173;2.0;2
3174;2.0;1
3175;2.0;1
3176;;2
3177;2.0;3
3178;1.0;3
3179;4.0;1
3180;2.0;2
3181;1.0;3
3182;1.0;1
3183;3.0;2
3184;1.0;2
3185;2.0;1
3186;2.0;0
3187;1.0;2
3188;2.0;0
3189;0.0;1
3190;2.0;2
3191;2.0;0
3192;2.0;2
3193;2.0;1
3194;3.0;2
3195;2.0;3
3196;;3
3197;1.0;2
3198;2.0;0
3199;3.0;3
3200;3.0;1
3201;3.0;0
3202;1.0;3
3203;2.0;4
3204;2.0;2
3205;1.0;0
3206;0.0;3
3207;3.0;0
3208;1.0;3
3209;;2
3210;0.0;2
3211;3.0;2
3212;2.0;4
3213;;3
3214;3.0;2
3215;1.0;3
3216;2.0;2
3217;0.0;3
3218;1.0;3
3219;3.0;0
3220;2.0;2
3221;1.0;4
3222;;4
3223;2.0;0
3224;0.0;1
3225;1.0;4
3226;1.0;2
3227;1.0;2
3228;3.0;1
3229;1.0;3
3230;1.0;1
3231;2.0;1
3232;3.0;1
3233;1.0;4
3234;0.0;3
3235;1.0;3
3236;2.0;2
3237;2.0;4
3238;3.0;3
3239;4.0;3
3240;2.0;4
3241;2.0;2
3242;2.0;3
3243;0.0;4
3244;4.0;3
3245;1.0;2
3246;1.0;0
3247;2.0;3
3248;1.0;2
3249;2.0;1
3250;2.0;3
3251;2.0;2
3252;3.0;2
3253;1.0;3
3254;2.0;2
3255;2.0;0
3256;2.0;2
3257;2.0;0
3258;1.0;1
3259;2.0;0
3260;1.0;1
3261;3.0;2
3262;;2
3263;2.0;4
3264;0.0;2
3265;1.0;3
3266;2.0;2
3267;3.0;3
3268;2.0;3
3269;3.0;2
3270;2.0;1
3271;2.0;2
3272;1.0;3
3273;3.0;2
3274;1.0;3
3275;3.0;1
3276;3.0;0
3277;3.0;2
3278;2.0;3
3279;;2
3280;2.0;3
3281;1.0;1
3282;2.0;2
3283;0.0;3
3284;2.0;3
3285;1.0;1
3286;1.0;2
3287;1.0;3
3288;2.0;0
3289;2.0;3
3290;0.0;2
3291;2.0;1
3292;1.0;3
3293;2.0;1
3294;2.0;4
3295;2.0;3
3296;2.0;3
3297;1.0;0
3298;2.0;4
3299;2.0;3
3300;2.0;1
3301;2.0;2
3302;0.0;1
3303;2.0;4
3304;2.0;3
3305;1.0;4
3306;0.0;3
3307;;2
3308;;1
3309;2.0;1
3310;1.0;1
3311;1.0;2
3312;2.0;4
3313;3.0;4
3314;0.0;1
3315;1.0;3
3316;3.0;2
3317;0.0;2
3318;1.0;3
3319;4.0;2
3320;2.0;4
3321;1.0;3
3322;0.0;3
3323;;1
3324;1.0;1
3325;3.0;2
3326;2.0;3
3327;2.0;4
3328;3.0;2
3329;2.0;3
3330;1.0;2
3331;2.0;1
3332;3.0;3
3333;3.0;3
3334;0.0;1
3335;2.0;2
3336;;2
3337;3.0;1
3338;1.0;4
3339;2.0;2
3340;3.0;1
3341;2.0;1
3342;2.0;4
3343;0.0;3
3344;1.0;3
3345;1.0;0
3346;3.0;3
3347;1.0;2
3348;2.0;3
3349;2.0;4
3350;1.0;1
3351;2.0;2
3352;2.0;0
3353;3.0;2
3354;;1
3355;2.0;4
3356;1.0;2
3357;3.0;3
3358;1.0;3
3359;2.0;4
3360;1.0;2
3361;3.0;2
3362;2.0;0
3363;2.0;0
3364;1.0;3
3365;2.0;0
3366;2.0;2
3367;2.0;0
3368;1.0;3
3369;4.0;2
3370;3.0;1
3371;;1
3372;3.0;2
3373;2.0;3
3374;2.0;2
3375;1.0;3
3376;2.0;1
3377;2.0;0
3378;2.0;0
3379;2.0;2
3380;2.0;3
3381;2.0;1
3382;0.0;3
3383;3.0;2
3384;2.0;4
3385;;3
3386;1.0;3
3387;2.0;2
3388;3.0;4
3389;1.0;4
3390;;2
3391;0.0;2
3392;2.0;2
