StudentID,Tutoring,Extracurricular,Sports,Music,Volunteering
1001,1,0,0,1,0
1002,0,0,0,0,0
1003,0,0,0,0,0
1004,0,1,0,0,0
1005,1,0,0,0,0
1006,9,1,0,0,0
1007,0,0,1,0,0
1008,1,1,0,0,0
1009,0,0,1,0,1
1010,0,1,0,0,0
1011,0,0,0,0,0
1012,0,0,0,0,1
1013,0,1,0,0,0
1014,0,0,1,0,0
1015,1,0,0,0,0
1016,1,0,1,0,0
1017,0,1,1,0,0
1018,1,0,0,0,0
1019,0,1,0,0,1
1020,0,0,0,1,0
1021,0,0,0,0,1
1022,0,1,0,0,0
1023,1,0,0,0,0
1024,0,1,0,0,0
1025,0,0,0,0,0
1026,0,0,0,1,0
1027,0,0,1,0,0
1028,0,0,0,1,0
1029,0,1,0,0,0
1030,0,1,0,0,0
1031,1,0,1,0,0
1032,0,0,0,0,1
1033,0,0,1,0,0
1034,0,1,1,0,0
1035,9,1,1,0,0
1036,0,0,0,0,0
1037,1,0,0,0,0
1038,1,0,1,0,0
1039,1,1,1,0,0
1040,1,1,1,0,0
1041,1,0,0,0,0
1042,0,0,0,0,0
1043,1,0,0,0,0
1044,0,0,1,0,0
1045,1,1,1,0,0
1046,0,0,0,1,0
1047,9,1,0,0,0
1048,0,0,0,0,0
1049,0,0,0,1,0
1050,0,1,0,0,0
1051,0,0,0,0,0
1052,1,1,0,1,0
1053,0,0,0,1,0
1054,0,0,1,0,0
1055,1,1,1,0,0
1056,0,0,1,0,0
1057,0,0,1,1,0
1058,0,1,0,0,0
1059,1,0,1,0,0
1060,0,0,1,0,0
1061,0,1,0,1,0
1062,0,0,0,1,0
1063,0,0,1,0,0
1064,0,0,1,0,0
1065,1,0,0,0,0
1066,1,1,0,0,0
1067,0,0,1,0,0
1068,0,0,1,0,0
1069,1,0,0,1,0
1070,0,0,0,1,0
1071,0,1,0,0,0
1072,0,0,0,1,1
1073,0,1,1,0,0
1074,1,0,0,0,0
1075,0,1,0,1,0
1076,0,0,1,0,0
1077,0,0,0,0,0
1078,1,1,1,0,0
1079,0,0,0,0,0
1080,0,0,1,0,0
1081,0,0,1,0,0
1082,0,0,0,0,0
1083,0,1,1,0,0
1084,0,0,1,0,0
1085,0,1,1,0,0
1086,0,0,0,0,0
1087,1,1,0,1,1
1088,0,0,0,1,0
1089,0,1,0,1,0
1090,0,0,0,1,1
1091,0,0,0,0,1
1092,0,1,1,0,0
1093,1,0,0,0,0
1094,1,0,1,0,0
1095,0,1,1,0,0
1096,0,0,0,0,1
1097,0,0,0,1,0
1098,0,0,1,0,0
1099,0,1,0,1,1
1100,0,0,0,0,0
1101,1,1,1,0,1
1102,0,1,0,1,1
1103,0,1,1,0,0
1104,1,0,1,0,0
1105,0,1,0,0,0
1106,0,0,1,1,1
1107,0,1,0,0,1
1108,0,0,1,0,0
1109,1,1,1,0,0
1110,1,0,0,0,0
1111,1,0,0,0,0
1112,1,0,0,1,0
1113,0,0,0,0,0
1114,1,0,1,1,0
1115,1,0,0,0,0
1116,9,0,0,0,1
1117,9,1,0,1,0
1118,0,0,0,0,0
1119,0,0,1,0,0
1120,0,1,0,1,1
1121,1,1,1,0,0
1122,1,0,1,1,0
1123,0,0,0,0,0
1124,0,0,0,0,0
1125,1,1,0,1,0
1126,0,1,0,0,0
1127,9,1,0,0,0
1128,1,0,1,0,0
1129,1,1,1,0,0
1130,1,0,0,0,0
1131,0,0,0,0,0
1132,0,0,0,0,0
1133,1,0,1,0,0
1134,0,1,0,0,0
1135,1,1,0,0,0
1136,0,1,0,0,0
1137,0,0,1,0,0
1138,0,1,0,1,1
1139,0,1,0,0,0
1140,1,0,0,0,0
1141,0,1,0,0,0
1142,1,1,1,0,0
1143,1,0,0,0,0
1144,0,1,0,1,0
1145,1,1,1,0,0
1146,0,1,0,0,0
1147,1,1,0,0,1
1148,0,0,1,0,0
1149,0,1,1,0,1
1150,0,1,0,0,0
1151,0,0,1,1,0
1152,1,0,1,0,0
1153,0,1,0,0,1
1154,9,0,0,0,0
1155,0,1,0,0,0
1156,1,1,1,0,0
1157,0,0,1,1,1
1158,0,0,0,0,0
1159,0,0,0,0,0
1160,0,0,0,0,1
1161,1,1,0,0,1
1162,1,0,0,0,0
1163,1,0,0,1,1
1164,0,1,0,0,0
1165,1,1,0,0,0
1166,0,0,1,0,0
1167,1,1,1,0,0
1168,0,0,1,0,0
1169,0,1,0,0,0
1170,0,0,1,0,0
1171,0,0,1,0,0
1172,0,1,0,0,1
1173,1,0,0,0,0
1174,0,0,1,0,0
1175,1,1,0,0,0
1176,0,1,0,0,0
1177,0,0,0,0,0
1178,1,1,0,1,0
1179,0,1,0,0,0
1180,0,1,0,0,1
1181,1,0,0,0,0
1182,0,1,0,0,0
1183,0,1,1,0,0
1184,1,1,1,0,0
1185,0,0,0,0,0
1186,1,1,0,0,0
1187,0,0,0,0,0
1188,0,1,0,0,0
1189,0,1,1,0,0
1190,1,0,0,0,0
1191,0,0,0,0,1
1192,1,0,0,0,0
1193,0,1,0,0,0
1194,0,0,0,0,0
1195,1,1,0,1,0
1196,0,1,1,0,0
1197,0,1,0,0,1
1198,0,1,0,1,0
1199,0,0,0,0,0
1200,0,1,0,0,0
1201,0,0,0,1,0
1202,0,0,0,0,0
1203,0,0,1,0,1
1204,0,1,0,0,0
1205,0,1,0,0,0
1206,1,0,0,0,0
1207,1,1,0,0,0
1208,0,1,0,0,0
1209,9,0,0,0,0
1210,1,1,0,1,1
1211,0,0,0,1,0
1212,0,0,0,1,1
1213,9,1,0,0,0
1214,1,0,0,0,0
1215,0,0,0,0,0
1216,1,1,0,0,0
1217,1,1,0,0,0
1218,0,1,0,1,0
1219,1,0,0,0,0
1220,0,0,0,0,0
1221,0,1,1,0,1
1222,0,0,1,0,1
1223,0,0,0,1,0
1224,0,0,0,0,0
1225,0,1,0,0,0
1226,0,0,0,1,0
1227,0,0,0,0,0
1228,0,0,1,0,0
1229,1,0,0,0,0
1230,0,0,1,0,0
1231,0,0,0,0,0
1232,0,0,0,0,0
1233,0,0,1,0,1
1234,0,0,1,0,1
1235,0,0,1,0,0
1236,0,0,1,0,0
1237,0,0,0,1,0
1238,1,0,0,1,0
1239,1,0,0,0,0
1240,0,1,0,1,0
1241,1,0,1,0,0
1242,0,1,1,0,0
1243,0,0,1,0,0
1244,1,0,0,0,0
1245,0,1,0,0,0
1246,0,0,1,0,0
1247,0,0,0,0,0
1248,0,1,0,0,0
1249,0,0,1,0,0
1250,0,0,0,1,0
1251,0,0,1,0,0
1252,0,1,0,0,0
1253,1,1,0,0,0
1254,0,0,0,0,1
1255,9,0,0,0,0
1256,0,1,0,0,1
1257,1,0,0,0,0
1258,1,0,1,1,0
1259,0,1,1,0,0
1260,0,0,0,0,0
1261,9,1,0,0,0
1262,1,1,0,0,0
1263,0,1,1,0,1
1264,0,0,0,1,1
1265,0,0,0,0,0
1266,1,0,0,0,0
1267,0,0,0,0,0
1268,0,0,0,0,0
1269,0,0,1,1,1
1270,1,0,1,0,0
1271,0,0,0,0,0
1272,0,0,0,0,1
1273,0,0,0,0,0
1274,0,0,0,0,1
1275,1,0,0,0,0
1276,0,1,0,0,1
1277,0,1,1,0,0
1278,1,0,0,0,0
1279,1,0,0,0,0
1280,0,0,0,0,0
1281,0,0,0,0,1
1282,1,0,0,1,0
1283,0,1,0,0,1
1284,1,0,0,0,0
1285,1,1,1,1,0
1286,0,0,0,0,0
1287,1,0,0,0,0
1288,0,0,0,0,0
1289,0,1,0,0,0
1290,0,0,0,0,0
1291,1,0,1,1,0
1292,0,1,0,0,0
1293,0,0,0,1,0
1294,1,0,0,0,1
1295,0,0,0,0,0
1296,0,0,0,1,0
1297,1,0,1,0,0
1298,1,0,0,0,0
1299,1,0,1,0,0
1300,1,0,0,0,0
1301,0,1,0,0,0
1302,0,1,0,0,0
1303,0,0,0,0,0
1304,0,0,0,0,0
1305,0,0,1,1,0
1306,1,0,0,0,0
1307,0,0,0,0,0
1308,0,0,1,0,1
1309,0,1,0,0,0
1310,0,0,1,0,0
1311,0,1,0,0,0
1312,0,0,0,1,1
1313,0,0,0,0,0
1314,0,0,0,0,0
1315,1,0,1,0,0
1316,1,0,1,0,0
1317,0,0,0,0,0
1318,1,1,0,0,0
1319,0,0,0,1,0
1320,9,0,0,0,0
1321,0,1,0,0,0
1322,0,1,0,0,0
1323,1,1,1,0,0
1324,0,0,0,0,0
1325,1,0,1,0,0
1326,0,0,0,0,0
1327,0,0,1,0,0
1328,1,0,0,0,0
1329,0,0,0,0,0
1330,0,1,1,0,0
1331,0,1,1,1,0
1332,0,0,1,0,0
1333,0,0,0,0,0
1334,0,0,1,0,1
1335,0,0,0,0,0
1336,0,0,0,0,0
1337,0,1,0,0,0
1338,0,0,1,0,0
1339,0,0,0,0,0
1340,0,0,0,0,1
1341,0,1,0,0,0
1342,0,1,0,1,0
1343,0,1,0,1,0
1344,0,0,0,0,0
1345,0,0,0,0,1
1346,0,0,0,0,0
1347,0,0,1,1,0
1348,0,1,0,1,0
1349,0,0,0,0,0
1350,0,0,0,0,0
1351,0,0,0,1,0
1352,0,0,0,0,0
1353,0,0,1,0,0
1354,1,0,0,0,0
1355,0,0,0,0,0
1356,1,0,0,0,0
1357,1,1,1,0,0
1358,0,0,1,0,0
1359,0,0,0,1,0
1360,0,0,0,0,0
1361,0,1,0,0,0
1362,0,1,0,0,1
1363,1,0,0,0,0
1364,1,0,0,1,0
1365,0,1,0,1,0
1366,0,1,1,0,1
1367,0,0,0,0,0
1368,1,0,1,0,0
1369,1,0,0,0,0
1370,1,1,0,0,1
1371,0,0,0,0,0
1372,0,0,0,1,0
1373,0,0,0,0,0
1374,0,0,0,0,1
1375,1,1,0,0,0
1376,1,1,0,0,0
1377,0,0,1,0,0
1378,0,1,0,0,0
1379,0,0,0,1,0
1380,1,1,0,0,0
1381,0,1,1,0,1
1382,9,1,0,0,0
1383,0,1,0,0,1
1384,0,0,0,0,0
1385,1,1,0,0,0
1386,0,0,0,0,0
1387,0,0,0,0,0
1388,0,0,0,1,0
1389,0,0,0,0,0
1390,0,1,0,0,1
1391,0,0,0,0,0
1392,0,1,0,0,0
1393,1,1,0,0,0
1394,0,1,1,0,0
1395,0,0,0,0,0
1396,0,0,0,1,0
1397,0,0,0,0,0
1398,0,0,0,0,0
1399,1,1,0,0,1
1400,0,1,1,0,0
1401,0,0,0,0,1
1402,0,1,0,1,0
1403,0,0,1,0,0
1404,0,0,0,0,0
1405,0,0,1,0,0
1406,0,0,0,0,0
1407,0,1,0,0,0
1408,0,1,0,0,0
1409,0,1,0,0,0
1410,0,0,1,0,0
1411,0,0,1,0,0
1412,0,0,0,0,0
1413,1,1,1,1,0
1414,0,0,0,0,0
1415,0,0,1,0,0
1416,0,1,1,0,0
1417,1,1,0,0,0
1418,9,1,0,0,0
1419,0,1,1,0,0
1420,0,0,0,0,0
1421,1,0,1,0,0
1422,0,0,0,1,0
1423,0,0,0,0,0
1424,1,0,0,1,0
1425,0,0,0,0,0
1426,0,1,0,0,1
1427,1,0,0,1,0
1428,0,0,0,0,1
1429,0,1,1,0,0
1430,0,0,0,0,0
1431,0,1,1,0,0
1432,0,1,0,0,0
1433,0,1,0,0,0
1434,0,0,1,1,0
1435,1,1,0,0,0
1436,0,0,1,0,0
1437,1,1,0,0,0
1438,1,0,0,0,0
1439,0,0,1,0,0
1440,0,1,0,1,0
1441,1,0,0,0,1
1442,0,1,0,0,1
1443,0,0,1,1,1
1444,0,1,1,1,0
1445,1,1,0,0,0
1446,0,0,1,0,0
1447,0,0,1,0,1
1448,0,1,1,1,1
1449,1,1,0,0,0
1450,0,0,0,0,0
1451,0,1,1,0,1
1452,0,0,0,0,0
1453,0,0,1,1,0
1454,0,0,0,0,1
1455,0,1,0,1,0
1456,0,1,1,0,1
1457,9,0,1,1,0
1458,0,0,0,0,0
1459,0,1,0,0,0
1460,1,0,1,1,0
1461,0,1,1,0,0
1462,0,0,0,0,1
1463,9,0,0,0,1
1464,0,0,1,0,0
1465,0,1,0,1,0
1466,0,1,1,0,0
1467,0,0,0,0,0
1468,0,0,0,0,0
1469,1,0,0,0,0
1470,0,1,0,0,0
1471,0,1,1,0,1
1472,0,1,1,0,0
1473,1,1,0,1,0
1474,1,1,1,0,0
1475,0,0,0,0,0
1476,1,0,1,0,1
1477,1,1,0,0,0
1478,0,0,0,0,1
1479,0,0,0,0,0
1480,0,0,0,0,0
1481,1,0,1,1,0
1482,1,0,0,0,1
1483,0,0,0,0,0
1484,0,0,0,1,0
1485,0,0,0,0,0
1486,1,0,0,1,0
1487,1,1,0,0,0
1488,0,0,0,0,1
1489,0,1,1,0,1
1490,0,1,0,0,0
1491,1,1,0,0,0
1492,0,1,1,0,0
1493,0,0,1,0,0
1494,1,0,1,0,0
1495,0,1,0,0,0
1496,9,0,0,1,0
1497,0,0,1,1,0
1498,0,0,0,0,0
1499,1,1,0,1,0
1500,0,0,0,0,0
1501,0,0,0,0,0
1502,0,1,1,0,0
1503,0,1,0,0,0
1504,0,0,1,1,0
1505,1,1,0,0,0
1506,9,0,1,0,0
1507,1,1,0,0,0
1508,0,0,0,0,0
1509,1,0,0,0,0
1510,1,1,1,0,0
1511,0,0,1,0,0
1512,0,0,0,0,1
1513,0,1,0,0,1
1514,1,0,1,0,1
1515,0,1,1,0,0
1516,1,0,0,0,0
1517,0,0,1,1,0
1518,1,1,0,0,0
1519,0,0,0,0,0
1520,0,0,0,0,0
1521,0,0,1,0,0
1522,0,1,0,0,0
1523,1,0,0,0,0
1524,1,0,1,0,0
1525,0,0,0,0,0
1526,0,0,1,0,1
1527,0,0,1,0,0
1528,0,1,1,1,0
1529,0,1,0,1,0
1530,1,0,0,0,0
1531,1,0,1,0,0
1532,0,1,0,1,0
1533,0,0,0,1,0
1534,0,0,1,1,1
1535,0,1,0,0,0
1536,0,1,1,0,0
1537,0,0,0,1,0
1538,0,0,0,1,0
1539,0,0,0,0,0
1540,0,0,0,1,0
1541,0,1,0,0,0
1542,0,0,1,0,0
1543,1,1,0,0,0
1544,1,0,0,0,0
1545,1,0,1,0,0
1546,0,0,0,1,0
1547,0,1,0,0,0
1548,0,1,1,1,0
1549,0,0,0,1,0
1550,1,0,1,0,0
1551,0,1,1,0,0
1552,0,0,1,0,0
1553,0,0,1,0,0
1554,0,0,0,0,0
1555,1,0,1,0,0
1556,0,1,1,0,1
1557,0,0,0,0,0
1558,0,1,0,0,0
1559,1,1,1,0,0
1560,0,1,0,1,0
1561,0,0,1,0,0
1562,0,0,0,1,0
1563,1,0,0,1,0
1564,0,0,0,1,0
1565,0,1,0,0,0
1566,1,1,0,0,0
1567,1,1,0,0,0
1568,0,0,0,0,0
1569,1,0,1,1,0
1570,0,0,0,0,0
1571,1,1,1,1,0
1572,0,0,0,0,0
1573,0,0,0,0,0
1574,1,0,0,0,0
1575,9,1,0,0,0
1576,0,1,0,0,0
1577,1,1,0,0,0
1578,0,1,0,0,0
1579,1,0,0,0,0
1580,0,0,0,0,0
1581,0,0,1,0,0
1582,0,0,0,0,1
1583,0,1,1,0,1
1584,9,0,0,0,0
1585,0,0,0,0,0
1586,0,0,0,0,0
1587,1,0,0,0,0
1588,0,1,1,0,0
1589,0,0,0,0,1
1590,0,0,0,0,0
1591,0,0,0,0,0
1592,0,0,0,0,0
1593,0,0,1,0,1
1594,0,0,0,0,0
1595,0,1,0,0,0
1596,0,0,0,0,1
1597,0,0,0,1,1
1598,1,1,0,0,1
1599,0,0,0,0,0
1600,9,0,0,1,0
1601,0,1,1,0,0
1602,1,1,0,1,0
1603,0,1,0,0,0
1604,0,0,0,1,0
1605,1,0,0,0,1
1606,0,0,1,0,1
1607,0,0,0,0,0
1608,9,1,1,1,0
1609,1,0,0,0,0
1610,0,0,0,0,1
1611,9,1,0,0,0
1612,1,1,0,0,0
1613,0,1,0,0,0
1614,1,1,0,0,1
1615,0,0,0,0,0
1616,1,1,1,0,0
1617,0,0,1,1,1
1618,9,0,0,0,0
1619,0,1,0,1,0
1620,0,1,0,0,0
1621,0,1,1,0,0
1622,0,1,0,1,0
1623,0,1,0,1,0
1624,9,0,0,0,0
1625,9,1,0,0,1
1626,0,1,1,1,0
1627,0,1,1,0,0
1628,0,0,0,0,0
1629,0,0,0,0,0
1630,0,1,0,1,0
1631,1,0,0,0,0
1632,0,0,0,0,0
1633,0,0,0,0,0
1634,0,0,1,0,0
1635,1,1,1,0,0
1636,0,0,0,1,0
1637,1,1,0,0,0
1638,0,0,0,0,1
1639,1,0,1,1,1
1640,0,0,1,0,0
1641,0,1,0,1,0
1642,0,0,1,0,0
1643,1,1,1,0,0
1644,1,1,0,0,0
1645,0,1,0,1,0
1646,0,1,0,1,0
1647,0,0,0,0,1
1648,0,0,0,0,0
1649,0,0,0,1,0
1650,0,0,0,0,0
1651,1,1,1,0,0
1652,0,1,0,0,0
1653,0,0,0,1,0
1654,0,0,0,0,0
1655,1,1,0,0,0
1656,1,0,0,1,0
1657,0,1,0,0,0
1658,1,0,0,0,0
1659,1,0,1,0,0
1660,0,1,1,1,0
1661,0,0,1,0,0
1662,1,1,0,0,0
1663,0,1,0,0,1
1664,0,1,0,0,0
1665,0,1,1,1,0
1666,0,0,0,0,0
1667,1,1,1,0,0
1668,0,1,0,0,1
1669,0,1,1,0,0
1670,1,1,1,1,0
1671,0,1,0,0,0
1672,0,0,1,0,0
1673,1,1,0,0,0
1674,0,1,1,0,0
1675,0,1,1,0,0
1676,0,0,1,1,1
1677,0,1,0,0,0
1678,1,0,0,0,0
1679,0,0,1,0,1
1680,0,1,1,1,0
1681,0,1,0,0,1
1682,9,0,0,0,1
1683,1,1,0,1,0
1684,1,0,1,0,0
1685,1,0,1,0,0
1686,0,0,0,1,1
1687,1,1,0,0,0
1688,0,0,0,0,0
1689,1,0,0,0,1
1690,1,1,1,0,0
1691,0,0,0,0,1
1692,0,1,0,0,0
1693,0,1,1,0,1
1694,0,1,0,0,0
1695,1,0,0,0,0
1696,0,0,1,0,0
1697,0,1,0,0,0
1698,0,0,1,0,0
1699,1,0,0,0,0
1700,0,0,1,1,0
1701,0,0,0,0,0
1702,0,1,0,0,0
1703,0,1,0,1,1
1704,0,0,1,0,0
1705,1,0,1,0,0
1706,0,1,0,0,0
1707,0,0,0,0,0
1708,0,1,0,0,0
1709,0,0,0,0,0
1710,0,1,1,0,0
1711,0,1,0,0,0
1712,0,0,1,1,0
1713,0,0,1,0,0
1714,0,0,0,0,0
1715,1,1,1,0,0
1716,0,0,0,0,0
1717,1,1,0,0,1
1718,1,0,1,0,1
1719,0,1,0,0,0
1720,1,1,0,0,1
1721,0,0,1,0,0
1722,0,0,0,0,0
1723,0,0,0,0,0
1724,0,1,1,0,1
1725,0,0,0,0,0
1726,0,0,1,0,0
1727,0,1,0,0,0
1728,0,0,0,0,0
1729,0,1,1,1,0
1730,0,0,0,0,0
1731,0,0,1,0,0
1732,0,0,1,0,0
1733,0,1,1,0,1
1734,0,0,0,1,1
1735,1,1,0,0,0
1736,9,0,1,1,1
1737,0,0,0,0,1
1738,1,1,0,1,0
1739,0,0,0,0,1
1740,0,0,0,0,0
1741,1,0,0,0,0
1742,0,1,1,0,0
1743,1,1,0,0,0
1744,0,0,0,0,0
1745,0,0,1,0,0
1746,0,1,0,0,0
1747,0,1,1,0,1
1748,0,0,0,0,0
1749,0,1,1,0,1
1750,1,0,0,0,0
1751,0,0,1,0,0
1752,0,0,0,0,0
1753,0,0,0,1,0
1754,1,0,0,0,0
1755,0,1,1,0,0
1756,0,0,0,0,0
1757,1,0,1,0,0
1758,0,0,0,0,1
1759,0,1,0,0,0
1760,1,1,0,0,0
1761,9,0,1,0,0
1762,0,0,1,0,0
1763,0,0,1,0,0
1764,1,0,1,0,0
1765,0,0,0,0,0
1766,1,0,1,0,0
1767,0,1,0,1,0
1768,0,0,1,0,0
1769,0,0,0,0,0
1770,1,0,1,0,0
1771,1,1,0,0,0
1772,0,0,0,0,0
1773,1,0,0,1,0
1774,0,1,0,0,0
1775,0,0,0,1,0
1776,1,0,1,0,0
1777,1,0,1,1,1
1778,1,1,0,0,0
1779,1,0,0,0,0
1780,0,1,0,0,0
1781,0,0,1,1,0
1782,1,0,0,0,0
1783,0,1,0,1,0
1784,0,0,0,0,1
1785,0,0,0,0,0
1786,0,0,0,1,0
1787,1,1,0,1,1
1788,0,0,0,0,1
1789,1,0,0,0,0
1790,9,0,0,1,0
1791,0,0,0,0,0
1792,0,0,0,0,0
1793,0,0,0,1,0
1794,0,0,0,0,1
1795,0,1,1,0,0
1796,0,0,0,0,0
1797,9,0,1,0,0
1798,0,1,0,0,0
1799,0,1,0,0,0
1800,0,1,0,0,0
1801,0,0,0,0,0
1802,1,1,0,0,0
1803,0,1,1,0,0
1804,1,0,1,0,0
1805,1,0,0,0,0
1806,0,0,0,0,0
1807,1,1,0,1,1
1808,0,0,0,0,1
1809,1,0,1,0,0
1810,1,0,0,0,0
1811,0,1,1,0,0
1812,0,0,0,1,0
1813,0,1,0,0,0
1814,0,1,0,0,0
1815,0,0,0,0,0
1816,0,0,0,1,0
1817,0,0,0,0,0
1818,0,1,0,0,0
1819,1,1,0,0,0
1820,1,1,0,0,0
1821,0,0,0,1,0
1822,0,0,1,0,0
1823,0,0,1,0,0
1824,0,0,0,0,0
1825,1,1,0,0,1
1826,0,0,0,0,0
1827,0,0,1,0,1
1828,1,0,0,0,0
1829,1,0,0,0,1
1830,0,0,0,0,0
1831,9,0,1,0,0
1832,0,1,0,1,0
1833,0,0,0,1,0
1834,1,1,0,0,0
1835,0,0,0,0,0
1836,0,1,1,0,0
1837,9,0,0,0,0
1838,1,1,1,1,1
1839,1,1,0,0,1
1840,0,0,0,0,0
1841,0,0,1,0,0
1842,0,0,0,1,0
1843,0,1,0,1,0
1844,0,0,0,0,0
1845,0,0,1,0,1
1846,0,0,0,0,0
1847,1,1,1,0,1
1848,0,1,0,1,0
1849,1,0,1,0,0
1850,0,0,0,0,0
1851,1,1,0,0,0
1852,0,1,0,0,0
1853,1,0,1,0,1
1854,0,0,1,1,0
1855,0,1,0,0,0
1856,1,0,0,0,0
1857,0,0,0,0,0
1858,0,1,0,0,0
1859,1,0,0,1,1
1860,1,1,0,0,0
1861,0,0,0,0,0
1862,0,1,0,0,0
1863,0,0,1,0,0
1864,0,1,0,0,0
1865,1,0,0,0,0
1866,0,0,0,0,0
1867,0,0,0,0,1
1868,1,1,0,0,0
1869,0,0,0,0,1
1870,0,0,0,0,0
1871,0,0,0,0,0
1872,0,0,1,0,0
1873,0,1,0,0,1
1874,0,1,0,0,0
1875,0,0,1,1,0
1876,0,0,0,0,1
1877,0,1,0,0,0
1878,0,1,0,0,0
1879,0,1,0,0,0
1880,0,0,0,0,0
1881,0,0,0,0,0
1882,0,0,1,0,0
1883,0,0,0,0,0
1884,0,1,0,0,0
1885,1,0,0,0,0
1886,0,0,0,1,0
1887,1,1,0,0,0
1888,1,0,1,0,0
1889,0,1,1,0,0
1890,0,0,0,0,0
1891,1,0,0,0,0
1892,0,0,1,0,0
1893,1,0,0,0,0
1894,0,0,0,0,0
1895,0,0,0,0,0
1896,0,0,1,0,0
1897,0,1,0,0,0
1898,0,0,1,0,0
1899,0,0,0,0,0
1900,1,0,0,0,0
1901,1,0,0,0,0
1902,0,0,0,0,1
1903,1,0,1,0,0
1904,1,0,0,0,0
1905,1,0,0,1,0
1906,0,0,0,0,0
1907,1,1,0,0,1
1908,0,0,0,0,0
1909,0,0,0,0,0
1910,1,1,0,1,0
1911,0,1,1,0,0
1912,0,1,0,1,1
1913,1,0,1,0,0
1914,0,1,0,0,0
1915,1,1,0,0,0
1916,1,1,0,0,0
1917,0,0,1,0,0
1918,9,0,0,1,1
1919,1,1,1,0,0
1920,0,0,0,1,1
1921,9,0,0,0,1
1922,1,0,0,0,0
1923,0,0,0,0,0
1924,0,0,0,1,0
1925,1,0,1,0,0
1926,0,1,1,0,0
1927,0,0,1,0,0
1928,1,0,1,1,0
1929,1,1,1,0,0
1930,0,0,1,0,0
1931,0,0,0,0,0
1932,0,0,0,1,0
1933,1,0,0,0,0
1934,1,0,0,0,0
1935,1,1,1,0,0
1936,0,1,0,0,0
1937,1,1,0,0,1
1938,1,0,0,0,0
1939,0,0,0,0,0
1940,0,0,0,0,0
1941,1,0,0,0,0
1942,0,0,0,0,0
1943,0,1,0,1,0
1944,0,0,0,0,1
1945,0,0,0,0,1
1946,0,0,0,0,0
1947,0,0,0,0,0
1948,1,1,0,1,0
1949,9,1,1,0,0
1950,1,0,0,0,0
1951,0,0,1,0,0
1952,1,1,1,0,1
1953,1,1,1,0,0
1954,0,1,0,0,0
1955,0,0,0,0,1
1956,0,0,0,0,1
1957,1,0,0,0,0
1958,0,0,1,1,0
1959,1,1,0,0,0
1960,0,0,1,0,0
1961,0,0,1,0,0
1962,1,0,0,0,0
1963,0,1,0,1,0
1964,0,0,0,0,0
1965,1,0,0,1,0
1966,1,1,0,0,0
1967,0,0,1,0,1
1968,0,0,0,0,0
1969,0,0,0,0,0
1970,1,1,0,0,0
1971,0,1,0,1,0
1972,0,1,0,0,1
1973,0,1,0,1,0
1974,1,1,0,0,0
1975,1,1,0,0,0
1976,1,0,0,0,0
1977,0,1,0,0,0
1978,1,0,1,1,0
1979,0,1,0,0,0
1980,0,1,0,0,0
1981,1,0,0,0,0
1982,0,0,0,1,0
1983,0,0,1,0,0
1984,1,0,1,0,0
1985,0,0,0,0,0
1986,0,0,1,0,0
1987,0,0,1,0,0
1988,0,1,0,0,0
1989,1,0,1,0,0
1990,0,0,0,0,0
1991,1,0,0,1,0
1992,0,1,1,0,0
1993,0,0,0,1,0
1994,0,0,1,0,0
1995,1,0,0,0,0
1996,0,0,1,0,0
1997,1,0,0,0,0
1998,9,0,0,1,0
1999,1,0,0,1,0
2000,1,1,1,0,0
2001,9,1,0,1,0
2002,1,0,0,0,1
2003,0,1,0,1,1
2004,1,0,0,0,0
2005,0,0,1,1,1
2006,0,0,0,1,1
2007,0,0,0,0,1
2008,0,0,0,0,0
2009,0,1,0,0,0
2010,0,1,0,0,0
2011,0,0,1,1,0
2012,0,0,1,0,0
2013,0,0,0,0,0
2014,1,0,0,0,0
2015,1,0,1,0,0
2016,1,1,0,0,0
2017,0,0,0,0,0
2018,0,1,0,0,0
2019,1,0,0,0,0
2020,1,1,0,0,0
2021,1,1,1,0,0
2022,0,1,0,0,0
2023,0,1,1,0,0
2024,1,0,0,1,0
2025,0,0,0,0,0
2026,0,1,0,1,0
2027,1,0,1,0,0
2028,1,1,0,1,0
2029,0,0,0,0,0
2030,0,0,1,1,0
2031,1,0,1,1,0
2032,0,1,1,0,0
2033,1,1,0,1,0
2034,1,0,1,0,0
2035,1,0,0,0,0
2036,1,1,1,0,0
2037,0,1,1,1,0
2038,0,0,1,1,1
2039,0,1,1,0,0
2040,0,0,0,0,0
2041,0,0,1,1,0
2042,0,0,0,0,0
2043,1,1,1,1,0
2044,0,1,1,0,0
2045,0,1,0,0,0
2046,0,1,0,0,0
2047,0,0,1,0,0
2048,0,1,0,0,1
2049,0,0,0,0,0
2050,0,1,0,0,0
2051,1,0,0,0,0
2052,1,1,0,0,0
2053,1,1,0,0,0
2054,0,1,0,0,0
2055,0,1,1,0,0
2056,0,0,0,0,0
2057,0,1,0,0,0
2058,0,0,0,1,0
2059,0,1,0,0,0
2060,1,1,0,1,0
2061,0,0,1,0,0
2062,0,1,0,1,0
2063,0,0,0,0,0
2064,0,1,1,0,0
2065,1,1,0,1,0
2066,0,0,0,0,0
2067,0,0,1,0,0
2068,0,0,0,0,0
2069,0,1,1,0,0
2070,0,1,0,1,0
2071,1,0,0,1,0
2072,1,1,1,0,0
2073,1,0,0,0,0
2074,0,0,0,1,0
2075,0,0,1,1,0
2076,0,0,0,0,0
2077,1,0,1,0,0
2078,1,0,1,0,0
2079,1,0,0,1,0
2080,0,1,0,0,0
2081,0,0,0,0,0
2082,0,0,1,0,0
2083,0,0,0,1,0
2084,0,0,0,1,0
2085,0,0,0,0,0
2086,1,0,0,0,0
2087,0,1,0,1,0
2088,0,1,1,0,0
2089,0,0,0,0,0
2090,0,0,0,0,0
2091,1,0,1,0,0
2092,0,0,0,0,0
2093,0,1,1,0,0
2094,1,1,0,0,0
2095,0,1,0,1,0
2096,0,0,1,0,0
2097,1,1,0,0,0
2098,1,0,0,0,0
2099,0,0,0,0,0
2100,0,0,1,1,1
2101,0,1,1,0,1
2102,1,1,0,0,0
2103,0,0,1,0,1
2104,1,0,0,0,0
2105,1,1,0,0,1
2106,1,1,1,0,0
2107,0,0,1,0,0
2108,0,1,0,0,0
2109,0,0,0,0,0
2110,1,1,0,0,0
2111,0,0,1,0,0
2112,0,0,1,0,1
2113,9,1,0,1,0
2114,0,1,1,0,0
2115,0,0,1,0,0
2116,0,0,1,1,0
2117,0,0,0,0,0
2118,0,0,0,0,0
2119,0,1,0,1,1
2120,9,0,0,0,0
2121,1,1,1,0,0
2122,0,0,1,0,0
2123,0,1,0,0,0
2124,1,0,1,0,0
2125,0,0,0,0,0
2126,0,0,0,0,0
2127,0,1,0,0,0
2128,0,0,0,0,0
2129,0,0,0,1,0
2130,1,1,0,0,0
2131,1,1,1,0,0
2132,0,1,0,0,0
2133,0,0,0,0,0
2134,0,0,0,0,0
2135,0,1,1,0,0
2136,0,0,0,0,0
2137,0,0,1,1,0
2138,1,0,0,0,0
2139,0,1,0,0,1
2140,1,0,1,0,0
2141,0,1,0,1,0
2142,9,0,0,1,0
2143,0,1,0,1,0
2144,0,1,0,1,0
2145,1,0,1,0,0
2146,0,0,0,0,0
2147,0,1,0,0,0
2148,0,0,0,0,0
2149,0,1,0,0,0
2150,0,1,0,1,1
2151,0,0,0,0,0
2152,1,0,0,1,0
2153,1,0,0,1,0
2154,0,1,0,0,0
2155,0,0,0,1,0
2156,0,1,0,0,0
2157,0,1,1,0,0
2158,1,0,0,0,1
2159,1,0,1,0,0
2160,0,0,0,1,0
2161,0,1,1,0,0
2162,1,0,0,0,0
2163,1,0,0,0,0
2164,0,1,1,0,0
2165,0,0,1,0,0
2166,0,0,0,0,0
2167,1,0,0,0,0
2168,0,1,0,0,1
2169,1,0,0,0,0
2170,0,0,0,0,0
2171,0,1,1,0,0
2172,0,0,0,1,0
2173,1,1,0,0,0
2174,0,0,0,0,0
2175,1,0,1,0,0
2176,0,0,1,0,0
2177,1,0,0,0,0
2178,1,0,0,1,0
2179,0,0,0,0,1
2180,1,0,0,1,1
2181,0,0,0,1,0
2182,0,0,1,1,0
2183,0,0,1,0,0
2184,1,0,0,1,0
2185,9,1,0,0,0
2186,0,0,0,0,1
2187,1,0,0,0,1
2188,0,1,1,1,0
2189,1,0,0,0,0
2190,0,0,0,0,0
2191,0,0,1,1,0
2192,0,1,0,0,0
2193,0,0,1,0,0
2194,0,1,1,0,0
2195,0,1,1,1,1
2196,0,0,0,0,0
2197,1,1,0,0,0
2198,0,0,0,0,1
2199,1,0,0,0,0
2200,0,0,1,0,0
2201,0,1,0,0,0
2202,0,0,0,0,0
2203,1,0,0,0,0
2204,1,1,1,1,1
2205,0,1,0,0,0
2206,0,1,0,0,0
2207,0,0,0,0,0
2208,0,0,1,0,0
2209,1,0,0,1,1
2210,0,1,0,0,0
2211,0,0,0,0,1
2212,1,1,0,0,1
2213,9,0,1,0,0
2214,0,1,1,0,0
2215,0,1,0,1,0
2216,0,1,0,1,0
2217,0,0,0,0,0
2218,0,0,1,0,0
2219,1,0,0,0,0
2220,1,0,1,0,0
2221,0,0,1,0,0
2222,0,1,1,0,0
2223,0,0,1,0,0
2224,0,1,0,1,0
2225,0,0,1,0,0
2226,0,0,1,0,0
2227,0,0,0,0,0
2228,0,1,1,1,0
2229,0,0,1,0,0
2230,0,1,1,0,0
2231,0,0,0,0,0
2232,0,1,0,0,0
2233,0,0,0,0,0
2234,0,0,1,1,0
2235,0,1,1,0,0
2236,1,1,0,0,0
2237,0,0,0,0,0
2238,0,1,1,0,0
2239,0,0,0,0,0
2240,0,1,0,1,0
2241,1,0,1,0,0
2242,1,0,0,1,0
2243,0,0,0,0,1
2244,0,1,1,0,0
2245,0,1,0,0,0
2246,0,0,1,0,0
2247,0,1,0,0,1
2248,0,0,0,0,0
2249,0,1,0,0,1
2250,0,0,0,0,0
2251,1,0,0,0,0
2252,0,0,0,0,0
2253,0,0,0,1,0
2254,0,0,0,0,1
2255,0,1,0,0,0
2256,1,0,0,0,0
2257,0,1,0,0,0
2258,1,1,0,0,0
2259,0,0,0,0,0
2260,1,0,0,0,0
2261,1,1,1,0,0
2262,0,1,0,0,0
2263,0,1,0,1,0
2264,1,1,1,1,0
2265,0,0,0,1,0
2266,0,1,0,0,0
2267,0,0,0,1,0
2268,0,0,0,0,0
2269,0,1,0,0,1
2270,0,1,0,0,0
2271,0,1,1,0,0
2272,0,0,0,1,0
2273,1,1,0,0,0
2274,0,1,0,0,0
2275,1,1,0,0,0
2276,1,0,0,0,0
2277,1,1,1,0,0
2278,1,0,1,1,0
2279,1,1,1,0,0
2280,1,1,0,0,0
2281,0,1,1,0,0
2282,0,0,0,0,1
2283,1,0,0,0,0
2284,0,0,0,0,0
2285,1,0,1,0,0
2286,1,1,0,0,0
2287,0,0,0,0,0
2288,1,0,1,0,1
2289,0,1,0,1,1
2290,0,0,0,1,0
2291,0,1,0,0,1
2292,0,0,0,0,0
2293,0,0,0,0,0
2294,0,1,0,0,0
2295,0,0,0,0,0
2296,1,0,1,0,0
2297,0,0,1,0,1
2298,0,0,1,0,0
2299,0,1,0,0,0
2300,1,1,0,0,0
2301,1,0,0,0,0
2302,0,1,1,0,1
2303,9,1,1,1,0
2304,1,1,1,0,0
2305,0,0,0,0,1
2306,0,1,0,0,0
2307,0,0,1,0,0
2308,0,1,0,0,0
2309,1,1,0,0,0
2310,0,0,1,0,0
2311,0,0,0,0,0
2312,0,0,0,0,0
2313,1,0,0,1,0
2314,1,0,0,1,0
2315,1,1,0,0,0
2316,0,0,0,0,0
2317,0,0,1,1,1
2318,1,0,0,0,0
2319,0,0,0,0,0
2320,1,0,0,0,0
2321,0,1,0,0,0
2322,0,0,0,0,0
2323,0,1,1,1,1
2324,1,0,0,0,0
2325,1,1,0,0,0
2326,0,0,1,0,0
2327,0,1,0,0,0
2328,1,1,0,1,0
2329,0,1,0,0,0
2330,1,1,0,0,0
2331,0,1,0,0,0
2332,0,1,0,0,0
2333,0,1,0,0,0
2334,0,1,1,0,1
2335,0,1,0,0,0
2336,0,0,0,0,1
2337,0,0,0,0,0
2338,0,1,0,0,0
2339,0,0,0,0,0
2340,1,1,0,0,0
2341,0,0,1,1,0
2342,0,0,1,1,0
2343,0,1,0,0,1
2344,0,0,1,0,0
2345,1,0,0,0,0
2346,0,0,0,0,0
2347,1,0,1,0,1
2348,0,1,1,0,0
2349,0,0,0,1,1
2350,9,1,0,0,0
2351,1,0,0,0,0
2352,1,1,0,0,1
2353,0,0,1,0,0
2354,1,0,0,0,1
2355,0,0,0,1,0
2356,1,0,0,0,0
2357,0,0,0,0,1
2358,0,1,1,0,0
2359,0,0,1,1,0
2360,1,0,0,0,0
2361,1,0,0,0,0
2362,1,1,0,0,0
2363,1,0,0,0,0
2364,0,0,0,0,0
2365,1,0,0,0,0
2366,1,1,0,0,0
2367,0,1,0,1,0
2368,0,0,1,0,0
2369,0,0,0,0,1
2370,1,0,1,0,1
2371,1,1,0,0,0
2372,1,0,1,0,0
2373,1,1,0,0,0
2374,1,0,1,0,0
2375,1,0,0,0,0
2376,1,0,1,1,0
2377,0,1,1,0,0
2378,0,1,0,0,0
2379,0,1,0,0,0
2380,1,0,1,0,1
2381,0,0,1,0,0
2382,0,0,1,0,0
2383,0,0,1,0,0
2384,0,0,1,1,0
2385,0,0,0,0,0
2386,0,0,0,1,1
2387,0,0,0,0,0
2388,0,1,0,1,0
2389,0,0,0,0,0
2390,0,1,0,0,0
2391,0,0,0,0,0
2392,0,1,0,0,0
2393,0,0,0,0,1
2394,0,0,0,0,0
2395,1,1,0,0,0
2396,0,0,0,0,1
2397,0,1,1,0,0
2398,0,1,0,0,0
2399,0,0,1,0,0
2400,0,1,0,1,0
2401,0,1,0,0,0
2402,0,0,0,0,0
2403,0,1,0,0,0
2404,0,1,0,1,0
2405,1,0,0,1,0
2406,9,0,1,0,0
2407,1,0,1,1,0
2408,0,1,1,0,0
2409,0,1,1,0,1
2410,0,1,0,0,1
2411,1,0,0,0,0
2412,0,0,0,0,1
2413,0,1,0,0,1
2414,0,0,1,0,0
2415,0,1,1,0,0
2416,1,1,1,0,0
2417,0,0,1,0,0
2418,0,0,0,0,0
2419,0,0,0,0,0
2420,0,1,0,1,0
2421,0,1,1,0,0
2422,0,1,1,0,0
2423,0,0,0,0,1
2424,1,0,0,0,0
2425,0,1,0,1,0
2426,1,0,0,0,0
2427,0,1,1,0,0
2428,0,0,0,0,0
2429,9,0,0,1,0
2430,1,0,0,0,0
2431,0,0,1,0,1
2432,0,1,0,0,0
2433,0,0,0,0,1
2434,1,1,0,0,0
2435,0,0,0,0,0
2436,0,0,0,0,0
2437,0,0,1,1,0
2438,1,0,1,0,0
2439,1,0,0,0,0
2440,0,1,0,0,0
2441,0,0,1,0,0
2442,1,0,0,0,0
2443,9,0,0,0,0
2444,0,0,0,0,1
2445,1,0,0,0,0
2446,0,1,0,0,0
2447,0,0,1,1,0
2448,1,0,1,0,0
2449,0,1,0,0,0
2450,1,0,1,0,1
2451,0,0,0,1,0
2452,0,0,0,1,0
2453,1,0,0,1,0
2454,0,0,0,0,0
2455,0,1,1,0,0
2456,1,1,1,0,1
2457,0,1,1,0,0
2458,0,0,0,0,1
2459,1,1,0,0,0
2460,0,0,0,0,0
2461,1,0,1,1,0
2462,1,0,0,0,0
2463,0,0,0,1,0
2464,0,1,0,0,1
2465,1,1,0,0,0
2466,0,1,1,0,0
2467,0,1,1,0,0
2468,0,1,1,0,1
2469,0,0,1,0,1
2470,0,0,0,0,0
2471,1,1,0,1,0
2472,9,0,0,0,0
2473,0,1,1,0,0
2474,0,0,0,0,0
2475,0,0,0,1,0
2476,0,0,0,0,1
2477,1,1,0,1,0
2478,1,0,0,0,0
2479,1,1,0,0,0
2480,0,0,1,0,0
2481,0,1,0,0,1
2482,0,0,0,0,0
2483,0,0,1,0,0
2484,0,0,0,0,0
2485,1,0,0,1,0
2486,1,0,0,0,0
2487,1,1,0,0,0
2488,1,0,0,0,1
2489,0,0,0,0,0
2490,0,0,1,0,0
2491,0,0,0,0,0
2492,9,0,0,0,0
2493,0,0,0,0,0
2494,1,0,1,0,0
2495,0,0,1,1,0
2496,0,0,0,1,0
2497,0,1,0,0,0
2498,0,0,1,1,0
2499,0,0,0,0,0
2500,0,0,0,0,1
2501,0,0,0,0,0
2502,1,0,0,0,0
2503,0,1,0,1,0
2504,0,0,0,0,0
2505,0,1,0,0,0
2506,1,0,0,0,0
2507,0,1,0,0,0
2508,1,1,0,1,0
2509,1,0,1,0,0
2510,1,0,0,0,0
2511,0,0,0,0,1
2512,0,1,0,0,0
2513,0,0,0,0,0
2514,0,0,0,0,0
2515,0,0,0,0,1
2516,1,0,0,1,0
2517,1,1,0,0,0
2518,9,1,1,1,0
2519,0,0,1,1,1
2520,1,0,1,1,0
2521,0,0,0,0,0
2522,0,1,0,1,0
2523,0,1,1,0,0
2524,1,0,0,0,1
2525,0,0,1,0,1
2526,1,1,0,0,0
2527,0,0,0,1,0
2528,0,0,0,0,0
2529,0,0,0,0,0
2530,0,0,0,0,0
2531,0,0,0,1,0
2532,0,1,0,0,0
2533,1,0,0,1,1
2534,0,0,0,0,0
2535,1,0,0,0,0
2536,1,1,0,0,0
2537,1,0,0,0,0
2538,1,0,0,0,1
2539,0,0,0,0,0
2540,0,1,1,0,0
2541,1,0,0,0,1
2542,1,0,1,0,0
2543,1,0,1,0,1
2544,0,0,0,0,0
2545,0,1,0,0,0
2546,0,1,0,0,0
2547,1,0,0,1,1
2548,0,0,1,0,0
2549,0,0,1,0,0
2550,0,0,0,0,1
2551,0,1,0,0,0
2552,0,0,1,0,0
2553,1,0,1,0,0
2554,1,1,0,0,0
2555,0,0,0,0,0
2556,0,0,0,0,1
2557,1,1,0,0,1
2558,0,1,1,0,0
2559,1,1,1,0,0
2560,0,1,1,1,0
2561,0,0,0,0,0
2562,0,0,1,0,0
2563,1,0,0,0,1
2564,0,1,0,1,0
2565,0,0,0,0,0
2566,0,0,0,0,0
2567,0,1,0,0,0
2568,0,0,0,0,0
2569,0,0,0,0,0
2570,0,0,1,0,0
2571,0,0,0,0,0
2572,0,0,0,0,0
2573,0,0,0,0,0
2574,0,0,1,0,0
2575,0,0,0,0,0
2576,0,0,0,0,0
2577,0,0,1,0,1
2578,0,0,0,1,0
2579,0,0,0,1,0
2580,0,0,1,0,0
2581,0,1,0,0,0
2582,0,1,1,0,0
2583,1,0,0,0,0
2584,1,0,0,0,1
2585,0,0,0,0,0
2586,0,1,1,0,0
2587,1,1,0,0,0
2588,1,0,0,1,0
2589,0,1,0,1,0
2590,0,1,0,0,0
2591,0,0,1,0,0
2592,0,0,1,0,0
2593,0,0,0,1,0
2594,0,0,0,0,0
2595,1,0,0,0,0
2596,0,1,0,0,0
2597,0,0,1,0,0
2598,0,0,0,0,1
2599,0,1,0,1,0
2600,0,0,0,0,0
2601,0,0,0,0,0
2602,0,0,0,1,0
2603,0,0,1,1,0
2604,1,0,0,0,0
2605,0,1,0,0,1
2606,0,0,0,1,1
2607,0,0,1,0,0
2608,0,0,0,0,0
2609,0,1,0,0,0
2610,0,1,0,0,0
2611,0,1,0,0,0
2612,0,0,1,0,0
2613,1,1,0,0,0
2614,0,1,0,0,0
2615,0,1,0,1,0
2616,0,0,0,0,1
2617,1,0,0,0,0
2618,0,0,1,1,0
2619,0,0,0,0,0
2620,1,1,1,0,0
2621,0,0,0,0,0
2622,0,0,1,0,0
2623,0,0,0,0,0
2624,1,0,0,0,0
2625,1,0,0,0,0
2626,1,0,0,0,0
2627,1,1,0,0,0
2628,1,0,1,1,1
2629,0,1,1,0,0
2630,1,0,0,1,0
2631,0,1,0,0,0
2632,0,0,0,0,0
2633,0,0,1,1,0
2634,0,0,0,1,0
2635,1,0,0,0,0
2636,0,0,1,1,0
2637,0,1,0,0,0
2638,0,0,1,0,1
2639,1,0,0,0,0
2640,0,1,1,1,0
2641,0,0,0,1,1
2642,0,0,0,0,0
2643,0,1,1,0,1
2644,0,0,0,1,0
2645,0,1,0,0,0
2646,1,1,0,0,0
2647,0,1,0,0,0
2648,0,1,1,0,0
2649,0,0,0,0,1
2650,0,0,1,0,1
2651,0,1,0,0,0
2652,0,0,0,0,0
2653,0,0,1,0,0
2654,1,1,0,0,0
2655,0,0,1,0,0
2656,0,0,0,0,0
2657,0,0,0,0,0
2658,0,0,0,1,0
2659,0,0,0,0,0
2660,0,1,0,0,0
2661,1,1,0,0,0
2662,0,1,0,0,1
2663,0,0,0,1,0
2664,1,0,0,0,0
2665,0,0,0,0,1
2666,1,0,0,0,0
2667,0,0,0,0,1
2668,0,0,0,1,0
2669,0,0,0,0,1
2670,1,0,0,0,0
2671,1,1,0,1,0
2672,0,0,1,0,0
2673,0,1,0,0,0
2674,0,0,0,0,0
2675,0,0,1,0,0
2676,0,0,0,1,0
2677,0,0,0,0,0
2678,0,0,1,1,0
2679,0,0,0,0,0
2680,0,1,1,0,1
2681,1,0,1,0,0
2682,1,0,0,0,0
2683,0,0,1,0,0
2684,1,0,1,0,0
2685,0,1,0,1,0
2686,1,0,1,0,0
2687,0,0,0,0,0
2688,0,0,0,1,0
2689,1,1,0,1,1
2690,0,0,0,0,1
2691,1,1,0,1,0
2692,1,0,0,0,1
2693,1,1,0,0,0
2694,0,1,0,1,0
2695,0,1,0,0,0
2696,0,0,0,1,0
2697,1,0,0,1,1
2698,0,0,1,0,0
2699,0,0,0,0,0
2700,0,0,0,0,0
2701,0,1,0,0,0
2702,0,0,0,0,0
2703,0,0,0,0,0
2704,1,1,1,1,0
2705,0,0,1,1,0
2706,1,1,0,0,0
2707,0,1,0,0,0
2708,0,1,0,0,0
2709,0,1,0,0,0
2710,0,0,0,1,1
2711,0,0,0,0,0
2712,1,0,0,0,0
2713,0,0,0,1,0
2714,0,0,1,1,0
2715,0,1,0,0,0
2716,1,0,1,0,0
2717,0,0,0,1,1
2718,0,1,0,0,1
2719,0,0,0,0,0
2720,1,0,1,0,1
2721,0,0,1,0,1
2722,0,1,0,0,0
2723,0,1,0,0,0
2724,1,1,0,0,0
2725,9,0,0,0,0
2726,1,1,0,0,0
2727,0,0,0,0,0
2728,0,0,0,0,0
2729,0,0,0,0,1
2730,1,0,0,1,0
2731,0,0,0,0,0
2732,1,1,0,0,0
2733,0,0,0,0,0
2734,1,0,1,1,0
2735,0,0,0,0,0
2736,0,0,0,0,0
2737,0,0,0,0,1
2738,0,1,1,0,0
2739,0,1,0,0,0
2740,0,1,1,0,0
2741,0,1,0,0,0
2742,0,0,0,0,1
2743,0,1,0,0,0
2744,0,0,0,0,0
2745,0,0,0,0,0
2746,0,0,0,0,0
2747,0,0,0,0,0
2748,0,0,0,0,0
2749,1,0,0,0,0
2750,1,0,0,1,0
2751,0,1,0,0,0
2752,0,0,0,0,0
2753,0,0,0,0,1
2754,0,1,0,0,1
2755,0,0,0,0,0
2756,0,1,0,0,0
2757,0,1,0,0,0
2758,0,0,0,1,0
2759,0,0,0,0,0
2760,0,0,1,0,0
2761,0,0,0,0,0
2762,0,0,0,0,0
2763,0,0,1,0,1
2764,1,0,0,0,1
2765,1,0,1,0,0
2766,0,0,0,1,0
2767,0,1,0,0,0
2768,0,0,0,0,0
2769,9,1,1,1,1
2770,0,0,0,0,1
2771,0,1,0,0,0
2772,0,0,0,0,0
2773,0,0,0,0,0
2774,1,0,0,0,0
2775,1,0,0,0,1
2776,0,0,0,1,0
2777,0,0,0,0,0
2778,0,0,1,0,0
2779,1,0,0,1,0
2780,1,0,1,0,0
2781,1,0,0,1,0
2782,0,0,0,0,0
2783,1,1,0,1,0
2784,0,0,0,0,0
2785,1,1,0,1,0
2786,1,0,1,0,1
2787,0,0,0,0,0
2788,0,0,0,0,0
2789,1,0,0,0,0
2790,0,1,0,0,0
2791,0,0,0,0,0
2792,0,1,1,0,0
2793,0,0,0,0,1
2794,0,0,0,0,0
2795,0,0,0,0,0
2796,0,0,0,0,0
2797,0,0,1,0,0
2798,0,0,0,1,1
2799,0,0,0,0,0
2800,0,1,1,0,0
2801,0,0,0,0,0
2802,0,1,0,0,0
2803,1,0,0,0,0
2804,0,0,0,0,0
2805,1,1,0,0,0
2806,0,1,0,1,0
2807,1,0,1,0,0
2808,0,0,0,0,0
2809,0,0,0,0,0
2810,0,1,0,0,0
2811,0,0,0,0,0
2812,0,1,0,0,0
2813,0,0,1,0,0
2814,0,0,0,1,0
2815,1,1,0,0,0
2816,0,1,0,0,0
2817,0,0,1,0,0
2818,0,1,0,0,0
2819,0,1,0,0,0
2820,1,1,0,0,0
2821,1,1,1,0,0
2822,1,0,1,0,0
2823,1,1,1,1,1
2824,0,1,1,0,0
2825,0,0,0,1,1
2826,0,0,0,0,0
2827,1,0,0,0,0
2828,1,1,0,0,0
2829,9,1,0,0,1
2830,0,0,1,0,0
2831,1,0,0,0,1
2832,0,0,0,0,0
2833,1,0,1,0,0
2834,9,0,0,0,1
2835,0,0,0,0,1
2836,0,1,0,0,0
2837,0,0,0,0,0
2838,0,1,1,0,0
2839,0,0,0,0,0
2840,1,1,1,0,0
2841,0,0,0,0,0
2842,1,1,0,0,0
2843,0,0,0,1,0
2844,1,0,0,0,0
2845,0,0,0,0,0
2846,0,0,0,0,0
2847,0,1,0,0,1
2848,0,0,0,0,0
2849,1,1,0,0,0
2850,0,0,0,0,1
2851,0,1,0,1,0
2852,1,0,0,0,0
2853,0,0,1,0,1
2854,1,0,1,0,0
2855,0,1,1,0,1
2856,1,0,1,0,0
2857,0,0,0,0,0
2858,1,0,0,0,0
2859,0,0,1,1,0
2860,0,0,0,1,1
2861,0,0,0,0,0
2862,0,1,1,0,0
2863,0,1,0,1,0
2864,0,1,0,0,0
2865,0,0,0,0,0
2866,1,0,0,1,0
2867,0,1,1,0,0
2868,1,0,0,0,1
2869,0,0,1,1,0
2870,0,1,1,1,0
2871,1,0,0,0,0
2872,1,0,0,0,0
2873,0,0,0,0,0
2874,0,0,1,0,0
2875,0,0,0,0,0
2876,0,0,1,0,0
2877,0,0,0,1,1
2878,0,1,0,1,0
2879,0,0,1,0,0
2880,0,1,0,0,0
2881,1,0,0,0,0
2882,1,1,0,1,0
2883,0,1,1,0,1
2884,0,1,1,1,0
2885,0,1,1,0,1
2886,1,0,0,0,0
2887,0,0,0,1,0
2888,0,0,0,0,0
2889,0,0,0,0,1
2890,0,0,0,0,0
2891,0,0,0,1,1
2892,1,0,0,0,0
2893,0,1,1,0,0
2894,0,1,1,0,0
2895,0,0,1,0,0
2896,0,0,0,0,0
2897,0,1,0,0,0
2898,0,0,0,1,1
2899,0,0,0,0,0
2900,1,0,0,0,1
2901,1,0,1,0,0
2902,0,0,0,0,0
2903,1,1,0,0,0
2904,1,0,0,0,0
2905,0,0,0,1,0
2906,0,1,0,0,1
2907,0,1,0,0,0
2908,0,0,0,0,1
2909,1,1,0,0,1
2910,0,1,0,0,0
2911,0,1,0,1,0
2912,0,1,0,0,0
2913,0,1,0,0,0
2914,0,0,1,0,0
2915,0,1,0,0,0
2916,0,1,0,1,0
2917,1,0,1,0,0
2918,1,0,0,0,0
2919,1,1,1,0,0
2920,1,1,1,0,0
2921,1,0,0,0,1
2922,0,0,1,0,0
2923,0,1,0,0,0
2924,0,0,0,0,1
2925,0,0,1,0,0
2926,0,0,1,0,0
2927,1,0,0,1,0
2928,0,1,0,0,1
2929,0,0,0,0,1
2930,9,0,0,0,0
2931,0,0,0,1,0
2932,1,0,1,0,0
2933,0,1,0,0,0
2934,0,0,0,0,0
2935,0,0,0,0,0
2936,1,0,0,0,0
2937,0,0,0,0,0
2938,0,1,0,0,0
2939,1,0,1,0,0
2940,0,1,0,0,0
2941,0,0,0,0,1
2942,0,0,1,0,0
2943,1,1,0,0,0
2944,0,1,0,0,0
2945,0,1,1,1,0
2946,0,0,0,0,0
2947,0,0,0,0,0
2948,0,1,1,1,0
2949,0,0,1,1,0
2950,0,1,0,0,0
2951,0,1,0,1,1
2952,0,1,0,0,0
2953,0,1,0,0,0
2954,0,0,0,0,0
2955,0,1,1,0,0
2956,0,0,0,0,1
2957,1,0,0,0,0
2958,0,0,0,0,0
2959,0,0,1,0,0
2960,0,1,0,1,1
2961,0,1,0,0,0
2962,1,0,1,0,0
2963,0,0,0,0,0
2964,0,1,0,0,1
2965,0,1,0,0,0
2966,0,1,1,0,0
2967,0,1,1,0,0
2968,0,1,0,1,0
2969,1,0,0,0,0
2970,9,1,0,0,0
2971,0,1,0,0,0
2972,0,1,1,0,1
2973,1,0,0,0,0
2974,0,1,1,0,0
2975,0,0,0,0,0
2976,1,0,1,1,0
2977,0,1,1,0,0
2978,0,0,0,0,0
2979,0,0,0,1,0
2980,0,1,0,0,0
2981,1,1,1,1,1
2982,0,1,0,1,0
2983,9,0,1,1,0
2984,0,1,0,0,0
2985,0,0,0,0,0
2986,0,1,0,0,1
2987,0,0,1,0,0
2988,0,1,0,0,0
2989,0,0,0,0,0
2990,1,1,1,0,0
2991,1,0,1,0,0
2992,0,1,1,1,0
2993,0,0,0,0,0
2994,1,1,0,0,0
2995,0,0,0,0,0
2996,0,0,1,0,0
2997,1,1,0,0,0
2998,0,1,0,0,0
2999,0,0,1,0,0
3000,0,0,0,1,0
3001,0,1,0,1,0
3002,0,1,0,0,1
3003,0,0,0,0,0
3004,1,1,0,0,0
3005,0,1,1,0,0
3006,9,0,1,0,1
3007,0,0,0,1,0
3008,1,1,0,0,0
3009,1,1,0,0,0
3010,1,1,1,0,0
3011,0,0,0,1,0
3012,1,0,1,0,0
3013,0,0,1,0,0
3014,0,1,0,0,0
3015,0,0,0,1,0
3016,0,0,0,0,0
3017,1,0,0,0,0
3018,0,0,0,0,0
3019,0,0,0,0,0
3020,0,0,0,0,1
3021,0,1,0,1,0
3022,0,0,0,0,0
3023,0,0,0,0,0
3024,0,0,0,0,0
3025,0,0,1,1,0
3026,1,0,1,1,0
3027,1,0,0,0,0
3028,1,0,0,0,0
3029,1,1,0,0,1
3030,0,0,0,0,0
3031,1,0,0,0,0
3032,0,1,1,0,0
3033,1,0,0,0,0
3034,0,1,0,0,0
3035,1,0,1,0,0
3036,0,0,0,1,0
3037,0,0,0,0,0
3038,0,1,1,0,0
3039,0,0,0,0,0
3040,1,0,0,0,0
3041,0,0,1,0,0
3042,0,0,1,0,0
3043,1,1,1,0,0
3044,0,0,1,0,0
3045,0,1,0,0,0
3046,0,0,1,0,0
3047,0,1,1,0,0
3048,1,0,1,0,0
3049,1,1,1,0,0
3050,1,0,0,1,0
3051,0,1,1,1,0
3052,0,1,0,0,0
3053,0,0,0,0,0
3054,1,1,0,0,0
3055,0,1,1,0,0
3056,0,1,0,0,1
3057,0,0,1,0,0
3058,0,0,0,0,0
3059,1,1,0,0,0
3060,0,0,0,0,1
3061,0,0,0,0,1
3062,0,1,1,0,0
3063,1,0,0,0,0
3064,0,0,0,1,0
3065,9,0,0,0,0
3066,0,1,0,0,0
3067,0,1,0,0,0
3068,1,1,0,0,0
3069,0,1,0,0,0
3070,1,0,0,1,0
3071,0,0,0,0,1
3072,1,0,1,1,0
3073,9,0,1,1,0
3074,0,0,0,0,0
3075,0,1,0,0,1
3076,0,1,0,1,0
3077,0,0,0,0,0
3078,0,1,0,0,0
3079,0,1,0,0,0
3080,1,1,0,0,0
3081,0,0,1,0,0
3082,1,0,1,0,0
3083,0,0,0,1,0
3084,0,0,0,0,0
3085,1,0,0,1,0
3086,0,1,0,0,0
3087,0,0,0,0,0
3088,1,0,1,1,0
3089,1,0,1,0,0
3090,0,1,0,0,0
3091,0,0,1,0,1
3092,0,0,0,0,0
3093,0,1,0,1,0
3094,0,0,0,0,0
3095,0,1,0,0,0
3096,0,0,1,0,0
3097,1,0,1,0,0
3098,1,0,0,0,0
3099,0,1,1,0,0
3100,0,1,1,0,1
3101,0,0,0,0,0
3102,0,0,0,0,0
3103,0,0,1,0,0
3104,0,1,1,1,0
3105,0,0,0,0,0
3106,1,0,0,1,0
3107,1,0,0,0,0
3108,1,0,1,0,0
3109,0,1,1,0,0
3110,0,1,0,0,0
3111,0,0,0,0,0
3112,1,0,1,0,0
3113,0,0,0,0,0
3114,0,0,1,0,0
3115,0,1,0,0,1
3116,0,0,0,0,0
3117,0,0,0,0,0
3118,0,0,0,0,1
3119,0,1,1,0,0
3120,0,0,1,0,0
3121,0,1,1,0,0
3122,0,1,0,0,0
3123,1,1,0,0,0
3124,0,1,0,0,0
3125,0,0,1,0,0
3126,0,0,0,0,0
3127,1,1,1,0,0
3128,0,1,1,0,0
3129,0,1,0,1,1
3130,0,1,1,0,1
3131,0,0,1,0,0
3132,0,0,1,1,0
3133,0,1,0,0,0
3134,1,1,1,0,0
3135,1,0,0,1,0
3136,1,0,0,1,0
3137,0,0,0,0,0
3138,1,0,0,0,0
3139,0,0,1,0,0
3140,0,1,0,0,0
3141,1,0,0,1,0
3142,0,1,0,0,0
3143,0,1,1,1,0
3144,0,1,1,0,0
3145,0,1,0,0,0
3146,9,0,1,0,1
3147,0,1,0,0,0
3148,0,0,0,0,0
3149,0,1,1,1,0
3150,1,0,1,0,0
3151,0,1,1,0,1
3152,0,0,0,1,0
3153,1,0,0,1,1
3154,0,0,0,1,0
3155,0,1,0,0,0
3156,1,0,0,0,0
3157,0,0,0,0,1
3158,1,1,0,0,1
3159,0,0,0,1,0
3160,1,0,0,0,0
3161,1,0,1,0,0
3162,0,0,0,0,0
3163,0,1,1,1,0
3164,1,0,0,1,0
3165,0,1,0,0,0
3166,0,0,0,0,0
3167,0,1,0,0,0
3168,1,1,0,0,0
3169,1,1,1,0,1
3170,0,0,0,0,0
3171,0,0,0,0,0
3172,1,0,0,0,0
3173,1,1,1,0,0
3174,0,0,0,1,0
3175,1,1,1,1,0
3176,1,0,0,1,0
3177,0,0,0,1,0
3178,1,0,0,0,1
3179,0,0,1,0,0
3180,0,1,1,0,0
3181,0,0,0,0,0
3182,1,0,0,0,0
3183,1,0,0,0,0
3184,0,1,0,0,0
3185,0,0,0,0,1
3186,0,0,1,0,0
3187,1,1,1,0,0
3188,1,0,0,0,0
3189,0,0,1,0,0
3190,0,0,1,0,0
3191,0,1,0,0,0
3192,0,1,0,0,0
3193,0,1,1,0,0
3194,9,1,0,0,0
3195,0,1,0,0,0
3196,0,0,1,1,0
3197,0,0,0,0,0
3198,0,0,1,0,0
3199,0,0,0,0,0
3200,0,1,0,0,0
3201,0,1,0,1,0
3202,1,0,0,0,0
3203,0,0,0,0,0
3204,1,1,0,0,0
3205,0,0,1,0,0
3206,0,0,0,0,0
3207,9,1,0,0,0
3208,1,0,0,0,0
3209,0,1,0,0,1
3210,0,1,0,0,0
3211,1,0,0,0,1
3212,0,0,1,0,0
3213,1,1,0,0,0
3214,0,0,1,1,0
3215,9,0,0,0,0
3216,0,1,0,0,0
3217,1,0,0,0,0
3218,0,0,1,0,0
3219,0,0,0,0,0
3220,0,0,0,0,0
3221,0,0,0,0,0
3222,1,0,1,1,1
3223,0,0,1,0,0
3224,0,0,0,0,0
3225,0,1,0,0,1
3226,0,1,1,0,0
3227,0,0,1,0,0
3228,0,0,0,0,0
3229,1,1,1,0,0
3230,1,1,0,0,1
3231,0,1,0,0,0
3232,1,1,0,0,0
3233,0,0,0,0,0
3234,9,0,0,1,0
3235,9,1,0,1,0
3236,0,1,0,0,0
3237,0,0,0,1,0
3238,1,0,0,0,0
3239,1,0,0,0,0
3240,0,0,1,0,0
3241,0,0,0,0,0
3242,1,1,0,0,0
3243,0,1,0,0,0
3244,9,1,1,0,1
3245,0,1,0,0,0
3246,0,0,0,0,0
3247,9,1,1,1,0
3248,1,1,0,1,0
3249,1,0,0,1,0
3250,0,1,0,1,0
3251,1,0,1,0,0
3252,0,1,0,0,0
3253,0,0,1,0,0
3254,1,0,0,1,0
3255,0,0,1,0,1
3256,0,0,0,0,0
3257,0,0,0,0,0
3258,1,0,0,0,0
3259,1,0,0,0,0
3260,1,0,0,0,0
3261,0,0,1,0,1
3262,1,1,0,0,0
3263,0,1,0,1,0
3264,9,1,0,0,0
3265,0,1,0,0,0
3266,0,0,1,1,0
3267,0,0,0,0,0
3268,1,0,0,0,0
3269,1,1,0,0,0
3270,0,1,0,0,0
3271,0,0,0,0,1
3272,1,0,0,0,0
3273,0,1,1,0,0
3274,1,0,1,0,0
3275,1,0,1,0,0
3276,0,1,1,0,0
3277,0,0,0,0,0
3278,0,1,0,0,1
3279,0,0,1,0,0
3280,0,1,1,0,0
3281,1,1,0,1,0
3282,0,0,0,0,0
3283,0,1,0,0,0
3284,0,1,0,0,0
3285,0,1,0,0,0
3286,1,0,1,1,1
3287,0,0,0,0,0
3288,0,0,0,0,0
3289,1,1,0,1,0
3290,0,1,0,0,1
3291,0,0,0,0,0
3292,0,0,1,0,0
3293,1,1,1,0,1
3294,0,0,1,0,0
3295,1,0,0,0,0
3296,1,0,0,0,0
3297,0,0,1,0,0
3298,0,1,0,0,0
3299,0,0,1,0,1
3300,0,0,1,0,1
3301,1,1,0,0,0
3302,0,0,0,0,0
3303,0,0,0,0,0
3304,1,1,0,0,0
3305,0,1,0,0,0
3306,0,0,1,0,0
3307,0,0,1,0,0
3308,0,0,0,1,0
3309,1,1,0,0,1
3310,0,0,0,0,0
3311,0,0,0,0,0
3312,0,0,0,0,1
3313,0,1,0,0,1
3314,0,0,0,0,0
3315,0,0,0,1,0
3316,1,0,0,0,0
3317,1,0,0,0,0
3318,0,1,0,0,0
3319,0,1,0,1,1
3320,0,1,0,1,1
3321,9,1,1,0,0
3322,0,0,1,0,0
3323,0,1,0,0,0
3324,0,0,0,0,0
3325,0,0,0,0,0
3326,1,1,0,0,1
3327,0,1,1,0,0
3328,1,1,0,0,0
3329,0,1,0,0,0
3330,0,1,0,0,0
3331,1,0,1,0,1
3332,0,1,1,0,0
3333,1,1,0,0,0
3334,0,1,1,0,1
3335,0,1,0,0,0
3336,0,0,0,0,0
3337,0,1,0,0,0
3338,1,0,0,1,0
3339,1,1,0,1,0
3340,1,0,1,0,0
3341,0,0,1,0,0
3342,0,0,0,0,0
3343,0,0,0,0,1
3344,0,0,0,0,0
3345,1,0,0,0,1
3346,0,0,1,0,0
3347,0,0,0,1,0
3348,0,0,0,1,0
3349,1,0,0,1,0
3350,1,1,0,0,0
3351,0,0,0,1,0
3352,0,0,1,0,0
3353,0,0,1,0,1
3354,0,0,0,0,0
3355,1,1,1,0,0
3356,0,0,1,1,0
3357,0,0,0,0,0
3358,0,0,0,0,1
3359,0,1,0,0,0
3360,1,1,0,1,0
3361,0,0,0,0,0
3362,0,0,0,0,0
3363,1,0,0,0,0
3364,0,1,0,0,0
3365,1,0,0,0,0
3366,0,0,0,0,0
3367,0,0,0,0,0
3368,0,0,0,1,0
3369,0,0,0,1,1
3370,0,0,0,0,1
3371,0,0,1,0,1
3372,0,0,0,0,1
3373,0,0,0,0,0
3374,0,0,0,0,0
3375,1,1,0,0,0
3376,0,1,0,1,1
3377,0,1,0,0,0
3378,1,1,1,0,0
3379,0,0,0,1,1
3380,0,0,0,0,0
3381,0,1,1,0,0
3382,0,0,0,0,0
3383,0,0,0,0,0
3384,1,0,0,0,0
3385,1,0,1,0,0
3386,0,1,1,0,0
3387,0,0,0,0,0
3388,0,1,0,0,0
3389,1,0,1,0,0
3390,0,0,0,0,1
3391,0,0,1,1,0
3392,0,0,0,0,1
