StudentID;StudyTimeWeekly;Absences;GPA;GradeClass
1001;19;7;2.929;2
1002;15;0;3.043;1
1003;4;26;0.113;4
1004;10;14;2.054;3
1005;4;17;1.288;4
1006;8;0;3.084;1
1007;15;10;2.748;2
1008;15;22;1.360;4
1009;4;1;2.897;2
1010;18;0;3.573;0
1011;11;11;2.147;3
1012;7;15;1.560;4
1013;10;21;1.520;4
1014;12;21;1.752;4
1015;11;9;2.397;3
1016;9;17;1.342;4
1017;10;14;2.232;3
1018;3;16;1.384;4
1019;16;29;0.470;4
1020;10;9;2.396;3
1021;2;2;2.778;2
1022;15;25;0.347;4
1023;18;29;0.313;4
1024;18;20;1.770;4
1025;7;15;1.505;4
1026;2;5;2.978;2
1027;10;2;2.949;2
1028;2;8;2.145;3
1029;18;10;2.855;2
1030;3;20;1.519;4
1031;5;12;1.727;4
1032;8;17;1.848;4
1033;7;25;0.385;4
1034;15;21;0.949;4
1035;9;27;1.141;4
1036;3;23;0.261;4
1037;5;26;0.218;4
1038;10;21;1.068;4
1039;2;3;3.019;1
1040;12;21;1.527;4
1041;11;23;1.058;4
1042;14;7;2.625;2
1043;18;12;2.809;2
1044;18;9;2.889;2
1045;18;1;4.000;0
1046;4;7;2.515;2
1047;2;5;2.564;2
1048;6;15;1.704;4
1049;17;17;2.100;3
1050;19;16;2.461;3
1051;17;5;2.935;2
1052;2;12;1.986;4
1053;18;22;1.572;4
1054;8;13;1.664;4
1055;0;29;0.756;4
1056;8;25;0.803;4
1057;0;20;1.342;4
1058;10;29;0.287;4
1059;6;9;2.614;2
1060;9;23;0.929;4
1061;12;10;1.893;4
1062;17;12;2.331;3
1063;13;11;2.234;3
1064;8;8;2.386;3
1065;16;3;3.347;1
1066;18;6;3.262;1
1067;2;23;1.040;4
1068;10;28;0.028;4
1069;5;21;1.330;4
1070;0;1;3.284;1
1071;13;6;2.937;2
1072;17;28;0.739;4
1073;3;8;2.557;2
1074;16;4;3.301;1
1075;17;14;2.201;3
1076;18;17;1.856;4
1077;5;3;2.734;2
1078;18;18;2.132;3
1079;6;19;0.980;4
1080;11;25;0.994;4
1081;1;6;2.075;3
1082;0;25;0.501;4
1083;14;7;2.532;2
1084;8;16;1.463;4
1085;5;12;2.343;3
1086;3;23;1.159;4
1087;13;20;1.524;4
1088;0;27;0.000;4
1089;16;22;1.059;4
1090;1;10;2.230;3
1091;3;26;0.195;4
1092;7;0;3.507;0
1093;9;1;3.552;0
1094;7;16;2.238;3
1095;6;4;2.708;2
1096;19;29;0.733;4
1097;12;29;0.965;4
1098;0;5;2.555;2
1099;8;25;0.744;4
1100;17;24;0.722;4
1101;6;23;1.271;4
1102;1;6;2.526;2
1103;15;27;0.942;4
1104;12;20;1.516;4
1105;11;29;0.648;4
1106;1;14;2.049;3
1107;2;18;0.842;4
1108;12;15;1.464;4
1109;4;24;1.488;4
1110;10;12;2.588;2
1111;10;4;3.221;1
1112;5;2;3.545;0
1113;18;2;3.090;1
1114;16;18;1.920;4
1115;14;13;2.199;3
1116;1;15;0.878;4
1117;2;21;1.340;4
1118;9;16;1.820;4
1119;3;26;0.619;4
1120;19;3;3.619;0
1121;3;12;2.175;3
1122;9;7;2.974;2
1123;7;18;0.981;4
1124;12;4;3.102;1
1125;2;1;3.498;1
1126;8;14;2.591;2
1127;5;1;3.535;0
1128;17;10;2.820;2
1129;0;12;2.017;3
1130;18;22;1.371;4
1131;16;9;2.105;3
1132;5;2;3.030;1
1133;15;4;3.582;0
1134;0;2;2.427;3
1135;19;5;3.161;1
1136;10;12;2.123;3
1137;6;9;2.205;3
1138;7;18;1.183;4
1139;1;7;2.739;2
1140;19;17;2.238;3
1141;0;2;3.139;1
1142;13;23;1.046;4
1143;8;23;0.816;4
1144;18;16;2.034;3
1145;4;7;2.432;3
1146;10;9;2.660;2
1147;9;1;3.589;0
1148;14;11;2.315;3
1149;1;22;1.007;4
1150;3;5;2.882;2
1151;4;1;2.805;2
1152;14;20;1.763;4
1153;3;22;1.120;4
1154;11;23;1.031;4
1155;4;2;3.076;1
1156;17;16;2.631;2
1157;18;28;0.503;4
1158;10;6;2.784;2
1159;7;28;0.248;4
1160;4;20;1.190;4
1161;0;4;3.376;1
1162;5;22;1.294;4
1163;13;0;3.719;0
1164;10;7;2.671;2
1165;18;11;2.370;3
1166;7;13;1.624;4
1167;13;15;2.537;2
1168;9;9;2.298;3
1169;10;14;2.260;3
1170;5;20;1.321;4
1171;9;23;0.950;4
1172;9;25;0.819;4
1173;14;14;2.339;3
1174;18;9;2.683;2
1175;6;20;1.544;4
1176;0;27;0.197;4
1177;9;6;2.749;2
1178;10;25;1.105;4
1179;3;2;2.553;2
1180;15;1;3.274;1
1181;19;5;3.186;1
1182;18;20;1.722;4
1183;3;8;2.338;3
1184;17;9;3.274;1
1185;14;3;2.994;2
1186;9;26;0.896;4
1187;10;2;2.961;2
1188;16;8;2.674;2
1189;9;23;1.218;4
1190;7;21;1.366;4
1191;9;16;1.522;4
1192;11;13;2.231;3
1193;3;9;2.135;3
1194;18;12;2.256;3
1195;13;11;2.751;2
1196;12;26;0.898;4
1197;1;0;3.117;1
1198;12;27;1.288;4
1199;2;21;0.571;4
1200;1;28;0.581;4
1201;10;18;1.643;4
1202;8;18;1.235;4
1203;11;5;2.968;2
1204;1;12;2.009;3
1205;8;18;1.146;4
1206;3;12;2.192;3
1207;19;26;0.946;4
1208;11;25;0.567;4
1209;13;21;0.971;4
1210;6;20;1.656;4
1211;1;3;2.839;2
1212;19;23;0.190;4
1213;5;1;3.258;1
1214;8;14;1.920;4
1215;12;11;2.022;3
1216;0;29;0.126;4
1217;16;26;1.287;4
1218;10;6;2.591;2
1219;5;19;1.463;4
1220;1;17;1.466;4
1221;3;22;1.710;4
1222;17;12;2.289;3
1223;13;16;1.961;4
1224;4;3;2.622;2
1225;1;24;0.768;4
1226;13;13;1.806;4
1227;11;19;0.882;4
1228;8;27;0.817;4
1229;7;12;1.446;4
1230;4;2;3.339;1
1231;13;25;0.820;4
1232;19;25;0.677;4
1233;3;17;1.390;4
1234;11;13;1.992;4
1235;8;14;1.640;4
1236;8;2;2.512;2
1237;5;0;2.984;2
1238;16;25;1.259;4
1239;9;23;1.418;4
1240;10;16;1.597;4
1241;6;2;3.089;1
1242;3;13;1.641;4
1243;1;2;2.587;2
1244;14;12;2.389;3
1245;3;14;1.898;4
1246;13;17;2.110;3
1247;7;13;1.700;4
1248;8;20;1.044;4
1249;9;25;1.194;4
1250;7;2;2.649;2
1251;2;18;1.234;4
1252;6;7;2.127;3
1253;13;3;2.914;2
1254;13;3;3.119;1
1255;5;18;1.036;4
1256;9;10;2.403;3
1257;3;0;3.157;1
1258;4;7;2.723;2
1259;0;14;1.531;4
1260;17;0;3.469;1
1261;4;6;2.302;3
1262;4;20;1.266;4
1263;5;19;1.480;4
1264;2;19;1.445;4
1265;12;23;0.809;4
1266;1;10;2.150;3
1267;2;26;0.559;4
1268;12;28;0.581;4
1269;6;13;1.602;4
1270;14;21;1.003;4
1271;11;15;1.663;4
1272;5;13;1.532;4
1273;13;11;2.206;3
1274;2;16;1.155;4
1275;10;13;2.154;3
1276;8;9;2.593;2
1277;5;23;0.912;4
1278;12;28;0.696;4
1279;17;13;2.140;3
1280;19;17;1.550;4
1281;12;21;1.548;4
1282;8;8;2.967;2
1283;4;16;1.634;4
1284;5;5;2.333;3
1285;9;7;3.270;1
1286;7;25;0.346;4
1287;18;12;1.895;4
1288;7;17;1.457;4
1289;7;4;2.554;2
1290;7;5;2.224;3
1291;16;20;1.848;4
1292;13;18;1.850;4
1293;12;3;3.269;1
1294;6;6;2.547;2
1295;16;3;3.101;1
1296;0;24;0.656;4
1297;17;10;3.089;1
1298;10;11;1.993;4
1299;7;13;2.605;2
1300;9;12;1.734;4
1301;13;28;1.114;4
1302;0;9;1.649;4
1303;17;17;1.338;4
1304;8;15;1.985;4
1305;6;4;3.061;1
1306;2;7;2.393;3
1307;8;13;2.084;3
1308;9;4;3.646;0
1309;8;25;0.322;4
1310;13;27;1.130;4
1311;8;23;0.631;4
1312;19;7;3.157;1
1313;11;24;0.680;4
1314;16;25;0.796;4
1315;2;5;2.844;2
1316;7;15;1.253;4
1317;6;27;0.535;4
1318;11;3;3.191;1
1319;17;11;2.815;2
1320;1;10;2.157;3
1321;1;2;2.724;2
1322;17;11;2.628;2
1323;4;29;0.912;4
1324;13;4;2.610;2
1325;10;5;2.982;2
1326;16;18;1.625;4
1327;2;17;1.362;4
1328;2;15;1.917;4
1329;11;22;1.011;4
1330;18;10;2.332;3
1331;8;4;3.388;1
1332;6;8;2.385;3
1333;12;2;2.781;2
1334;18;29;0.535;4
1335;16;7;2.542;2
1336;19;5;3.007;1
1337;0;3;2.986;2
1338;2;11;1.949;4
1339;12;11;2.148;3
1340;16;24;1.176;4
1341;5;20;1.400;4
1342;4;15;1.756;4
1343;15;9;2.900;2
1344;1;21;1.033;4
1345;7;13;1.908;4
1346;10;12;1.881;4
1347;11;8;2.615;2
1348;14;6;3.107;1
1349;7;11;1.386;4
1350;12;4;2.834;2
1351;11;17;1.086;4
1352;10;3;2.874;2
1353;12;1;2.896;2
1354;5;2;3.181;1
1355;1;25;0.471;4
1356;2;11;2.211;3
1357;4;2;3.375;1
1358;10;3;3.204;1
1359;16;5;3.350;1
1360;14;11;1.726;4
1361;15;18;2.217;3
1362;7;9;2.005;3
1363;8;29;0.716;4
1364;7;0;3.881;0
1365;3;16;1.690;4
1366;1;15;1.758;4
1367;11;8;2.136;3
1368;19;24;0.912;4
1369;3;20;1.138;4
1370;0;8;2.349;3
1371;15;26;0.624;4
1372;5;22;0.341;4
1373;16;8;2.224;3
1374;14;11;2.328;3
1375;18;22;1.623;4
1376;8;8;2.201;3
1377;13;14;2.584;2
1378;9;1;2.997;2
1379;12;10;2.374;3
1380;8;10;2.830;2
1381;3;7;2.525;2
1382;10;22;1.043;4
1383;10;5;2.661;2
1384;16;20;1.600;4
1385;14;19;1.799;4
1386;13;6;2.658;2
1387;2;2;2.998;2
1388;14;7;2.977;2
1389;10;17;1.375;4
1390;17;16;1.849;4
1391;18;10;2.442;3
1392;1;1;2.856;2
1393;16;24;1.206;4
1394;0;20;0.896;4
1395;7;26;0.273;4
1396;10;23;0.668;4
1397;2;18;1.089;4
1398;14;6;2.813;2
1399;0;17;1.869;4
1400;3;7;3.036;1
1401;11;13;2.135;3
1402;14;6;3.038;1
1403;18;27;0.994;4
1404;14;20;1.233;4
1405;13;27;0.864;4
1406;7;26;0.115;4
1407;0;3;2.935;2
1408;2;16;2.047;3
1409;10;4;3.065;1
1410;13;11;2.437;3
1411;8;8;2.428;3
1412;14;25;0.777;4
1413;10;19;1.880;4
1414;1;12;1.597;4
1415;3;24;0.705;4
1416;16;27;0.764;4
1417;14;17;1.503;4
1418;17;19;1.526;4
1419;2;8;2.271;3
1420;19;3;3.402;1
1421;4;20;1.438;4
1422;0;26;0.337;4
1423;19;7;3.112;1
1424;5;0;3.771;0
1425;13;16;1.656;4
1426;3;24;1.050;4
1427;11;8;2.535;2
1428;18;19;1.396;4
1429;6;12;2.025;3
1430;13;1;3.268;1
1431;3;12;2.017;3
1432;12;8;2.398;3
1433;6;29;0.288;4
1434;4;19;1.549;4
1435;6;5;2.905;2
1436;3;27;0.249;4
1437;18;0;3.418;1
1438;7;27;0.583;4
1439;4;24;0.930;4
1440;8;4;2.679;2
1441;6;2;3.106;1
1442;14;3;2.781;2
1443;19;0;4.000;0
1444;8;13;2.333;3
1445;17;8;3.068;1
1446;11;29;0.869;4
1447;3;23;1.521;4
1448;13;3;3.290;1
1449;10;17;2.176;3
1450;13;13;1.852;4
1451;17;24;1.477;4
1452;8;3;2.879;2
1453;18;24;1.058;4
1454;15;9;2.573;2
1455;9;2;3.588;0
1456;12;22;1.301;4
1457;6;6;3.209;1
1458;19;9;2.537;2
1459;13;12;1.989;4
1460;0;3;3.004;1
1461;6;17;1.514;4
1462;12;10;2.173;3
1463;1;24;0.642;4
1464;0;3;2.754;2
1465;9;23;1.038;4
1466;6;13;2.255;3
1467;8;17;1.667;4
1468;5;7;2.499;3
1469;3;26;0.278;4
1470;13;9;2.638;2
1471;10;4;3.057;1
1472;4;22;1.362;4
1473;6;6;3.239;1
1474;11;11;2.573;2
1475;1;24;0.000;4
1476;2;2;3.144;1
1477;1;25;1.046;4
1478;16;3;2.869;2
1479;15;9;2.639;2
1480;15;3;2.670;2
1481;14;14;2.795;2
1482;13;28;1.187;4
1483;9;9;2.520;2
1484;12;20;1.601;4
1485;0;29;0.000;4
1486;12;21;1.595;4
1487;15;15;2.222;3
1488;10;14;1.615;4
1489;7;18;1.676;4
1490;5;28;0.214;4
1491;12;19;1.557;4
1492;13;18;2.154;3
1493;17;17;2.071;3
1494;6;25;0.567;4
1495;15;11;2.163;3
1496;11;24;1.291;4
1497;17;15;2.340;3
1498;10;0;2.924;2
1499;10;15;2.190;3
1500;11;1;3.074;1
1501;14;23;1.009;4
1502;19;14;2.119;3
1503;1;6;2.615;2
1504;1;27;0.416;4
1505;18;0;3.947;0
1506;10;4;3.017;1
1507;12;9;2.814;2
1508;9;21;0.770;4
1509;1;20;0.892;4
1510;15;3;3.666;0
1511;14;13;1.402;4
1512;6;12;1.423;4
1513;6;0;3.150;1
1514;16;15;2.354;3
1515;1;22;1.161;4
1516;17;8;2.647;2
1517;5;21;1.299;4
1518;11;15;2.644;2
1519;18;18;1.738;4
1520;13;14;2.019;3
1521;8;25;0.718;4
1522;13;13;2.268;3
1523;6;19;1.271;4
1524;5;9;2.622;2
1525;19;20;1.229;4
1526;15;11;2.495;3
1527;12;27;0.702;4
1528;7;0;3.865;0
1529;0;20;0.685;4
1530;0;16;1.886;4
1531;11;8;2.328;3
1532;15;22;0.880;4
1533;10;18;1.412;4
1534;16;24;1.663;4
1535;0;17;1.342;4
1536;7;27;0.659;4
1537;4;6;2.153;3
1538;8;8;2.443;3
1539;1;21;0.270;4
1540;19;25;1.317;4
1541;4;20;0.818;4
1542;18;11;2.057;3
1543;8;6;3.219;1
1544;19;13;2.241;3
1545;11;14;1.914;4
1546;18;14;2.240;3
1547;0;5;2.255;3
1548;14;20;1.891;4
1549;18;13;2.206;3
1550;2;1;3.335;1
1551;1;7;2.412;3
1552;8;12;2.161;3
1553;18;22;1.165;4
1554;10;5;2.584;2
1555;10;4;3.017;1
1556;2;4;2.576;2
1557;0;24;0.233;4
1558;16;0;3.647;0
1559;1;8;2.605;2
1560;12;5;3.367;1
1561;18;19;1.584;4
1562;4;25;0.776;4
1563;13;29;0.783;4
1564;1;6;2.328;3
1565;12;8;2.718;2
1566;3;4;3.245;1
1567;14;13;2.866;2
1568;6;4;2.326;3
1569;9;7;3.303;1
1570;11;6;2.489;3
1571;3;12;2.600;2
1572;14;12;2.119;3
1573;6;7;2.523;2
1574;13;10;2.476;3
1575;3;27;0.783;4
1576;13;25;0.766;4
1577;2;17;1.284;4
1578;8;24;0.643;4
1579;4;18;1.669;4
1580;14;5;3.282;1
1581;5;21;0.744;4
1582;17;1;3.325;1
1583;17;27;1.185;4
1584;3;12;1.617;4
1585;12;22;1.583;4
1586;1;24;0.184;4
1587;7;27;0.472;4
1588;14;25;1.299;4
1589;13;10;2.380;3
1590;12;0;3.566;0
1591;5;23;0.278;4
1592;7;1;2.422;3
1593;2;29;0.618;4
1594;14;16;1.805;4
1595;10;7;2.635;2
1596;14;1;3.436;1
1597;4;5;2.737;2
1598;6;21;1.147;4
1599;6;4;2.405;3
1600;0;15;1.525;4
1601;6;7;2.446;3
1602;16;18;1.953;4
1603;17;15;2.293;3
1604;10;12;1.472;4
1605;9;25;1.107;4
1606;0;19;1.206;4
1607;17;6;2.559;2
1608;0;15;2.458;3
1609;18;22;1.227;4
1610;9;15;1.590;4
1611;6;28;0.311;4
1612;18;11;2.772;2
1613;0;13;1.583;4
1614;11;23;1.106;4
1615;10;17;2.300;3
1616;4;26;0.992;4
1617;8;27;0.165;4
1618;13;17;0.989;4
1619;14;15;2.230;3
1620;0;19;1.384;4
1621;18;15;2.131;3
1622;3;12;1.868;4
1623;4;25;1.247;4
1624;5;28;0.300;4
1625;0;8;2.705;2
1626;2;25;0.898;4
1627;19;27;1.392;4
1628;6;8;2.151;3
1629;2;12;1.449;4
1630;2;28;0.000;4
1631;14;3;3.092;1
1632;17;8;2.577;2
1633;5;14;1.956;4
1634;0;13;1.879;4
1635;4;18;1.630;4
1636;1;11;2.373;3
1637;2;20;1.279;4
1638;8;25;0.155;4
1639;4;24;1.278;4
1640;10;5;2.656;2
1641;5;2;2.682;2
1642;18;25;1.645;4
1643;18;24;1.396;4
1644;11;21;1.609;4
1645;7;19;1.187;4
1646;7;15;2.020;3
1647;8;29;0.242;4
1648;14;19;1.248;4
1649;9;23;0.853;4
1650;17;22;0.966;4
1651;18;16;2.424;3
1652;6;15;1.742;4
1653;11;5;2.846;2
1654;1;7;2.040;3
1655;4;18;1.542;4
1656;8;29;0.731;4
1657;4;24;0.500;4
1658;17;25;1.123;4
1659;3;1;2.959;2
1660;9;13;2.300;3
1661;12;21;1.353;4
1662;13;11;2.134;3
1663;7;16;1.300;4
1664;17;27;0.748;4
1665;11;26;0.533;4
1666;8;14;2.074;3
1667;1;17;1.991;4
1668;9;15;1.900;4
1669;16;12;2.615;2
1670;12;20;1.810;4
1671;16;16;1.582;4
1672;9;7;2.271;3
1673;2;0;3.364;1
1674;0;28;0.481;4
1675;6;24;0.200;4
1676;13;25;1.268;4
1677;15;26;0.883;4
1678;5;2;3.120;1
1679;9;15;1.804;4
1680;8;27;0.682;4
1681;8;1;2.898;2
1682;4;14;1.730;4
1683;2;0;3.561;0
1684;3;8;2.529;2
1685;1;15;1.592;4
1686;3;3;2.374;3
1687;0;11;1.810;4
1688;12;0;2.830;2
1689;6;0;3.048;1
1690;19;6;3.626;0
1691;3;17;0.927;4
1692;6;22;1.332;4
1693;7;27;0.780;4
1694;0;22;0.881;4
1695;16;14;2.398;3
1696;0;25;0.759;4
1697;18;29;1.029;4
1698;17;24;1.444;4
1699;10;12;2.214;3
1700;10;15;2.512;2
1701;13;6;2.690;2
1702;7;15;1.605;4
1703;12;12;2.710;2
1704;0;13;1.529;4
1705;1;16;1.779;4
1706;9;11;2.122;3
1707;10;28;0.406;4
1708;17;23;1.124;4
1709;2;23;0.870;4
1710;16;19;1.823;4
1711;4;12;2.231;3
1712;7;23;0.967;4
1713;6;19;1.692;4
1714;8;14;2.070;3
1715;3;23;1.058;4
1716;10;20;1.321;4
1717;16;3;3.517;0
1718;8;21;1.049;4
1719;9;1;3.486;1
1720;16;27;0.587;4
1721;14;17;2.359;3
1722;9;1;3.152;1
1723;5;24;0.588;4
1724;17;14;2.669;2
1725;11;29;0.304;4
1726;4;25;0.281;4
1727;5;18;0.873;4
1728;16;14;2.331;3
1729;0;25;0.319;4
1730;19;19;1.792;4
1731;2;9;2.573;2
1732;15;27;1.084;4
1733;7;23;1.087;4
1734;9;19;1.004;4
1735;17;10;2.825;2
1736;8;25;1.364;4
1737;10;9;2.607;2
1738;0;28;0.568;4
1739;0;22;0.574;4
1740;4;4;2.258;3
1741;13;8;2.840;2
1742;2;19;1.683;4
1743;2;18;1.721;4
1744;8;12;1.538;4
1745;12;17;2.063;3
1746;14;16;1.879;4
1747;3;26;0.863;4
1748;1;5;2.513;2
1749;18;9;2.772;2
1750;5;1;2.888;2
1751;17;23;1.337;4
1752;17;5;2.371;3
1753;15;27;0.854;4
1754;3;27;0.323;4
1755;16;20;1.834;4
1756;15;12;1.990;4
1757;11;17;2.227;3
1758;6;6;2.608;2
1759;5;1;3.406;1
1760;2;28;0.867;4
1761;10;13;2.166;3
1762;11;4;2.423;3
1763;7;17;1.510;4
1764;9;10;2.444;3
1765;7;9;2.004;3
1766;12;10;2.465;3
1767;18;26;0.845;4
1768;3;1;2.731;2
1769;7;14;1.736;4
1770;2;6;2.590;2
1771;12;8;2.742;2
1772;14;4;2.496;3
1773;18;6;2.853;2
1774;5;19;1.591;4
1775;19;1;3.210;1
1776;1;2;3.128;1
1777;12;1;3.453;1
1778;1;20;0.823;4
1779;17;21;1.217;4
1780;10;22;0.763;4
1781;13;18;2.146;3
1782;16;3;3.299;1
1783;3;23;1.171;4
1784;0;19;1.425;4
1785;17;6;2.903;2
1786;6;27;0.691;4
1787;2;21;1.887;4
1788;9;6;2.635;2
1789;11;16;1.500;4
1790;0;18;1.236;4
1791;5;21;0.605;4
1792;0;15;1.388;4
1793;8;2;3.301;1
1794;17;14;2.169;3
1795;19;13;2.797;2
1796;12;14;1.717;4
1797;3;13;1.688;4
1798;18;6;2.952;2
1799;10;24;0.963;4
1800;3;2;3.335;1
1801;18;29;0.444;4
1802;15;16;1.956;4
1803;14;9;2.850;2
1804;14;14;2.370;3
1805;4;28;0.153;4
1806;4;5;2.123;3
1807;13;27;0.922;4
1808;4;16;1.429;4
1809;8;16;1.893;4
1810;15;13;1.940;4
1811;15;23;1.511;4
1812;9;24;0.826;4
1813;15;17;1.764;4
1814;16;24;1.296;4
1815;13;4;2.474;3
1816;4;28;0.020;4
1817;5;7;2.203;3
1818;6;6;3.040;1
1819;2;22;1.069;4
1820;5;3;3.942;0
1821;4;17;1.483;4
1822;9;4;3.042;1
1823;18;15;2.104;3
1824;2;13;1.788;4
1825;14;26;1.100;4
1826;13;26;0.855;4
1827;1;18;1.200;4
1828;18;13;2.592;2
1829;11;8;2.282;3
1830;7;5;2.755;2
1831;15;16;1.921;4
1832;5;18;1.584;4
1833;13;11;1.723;4
1834;0;3;2.876;2
1835;16;15;1.889;4
1836;8;24;1.369;4
1837;12;10;2.551;2
1838;4;21;1.944;4
1839;13;3;3.310;1
1840;15;16;1.419;4
1841;9;7;2.353;3
1842;12;13;1.753;4
1843;9;26;0.514;4
1844;17;1;3.022;1
1845;9;10;1.835;4
1846;16;10;2.276;3
1847;16;23;1.768;4
1848;8;21;1.354;4
1849;4;23;1.034;4
1850;8;5;2.758;2
1851;16;20;1.790;4
1852;4;20;1.224;4
1853;10;13;2.444;3
1854;16;29;0.363;4
1855;7;9;2.252;3
1856;12;25;0.900;4
1857;4;26;0.657;4
1858;2;7;2.186;3
1859;15;6;2.883;2
1860;1;7;2.878;2
1861;5;27;0.012;4
1862;17;7;2.584;2
1863;6;22;1.162;4
1864;19;1;3.302;1
1865;19;26;1.505;4
1866;5;15;1.386;4
1867;0;8;2.241;3
1868;14;12;2.117;3
1869;9;22;1.037;4
1870;2;11;1.617;4
1871;14;26;0.866;4
1872;0;21;1.320;4
1873;17;24;1.260;4
1874;2;28;0.082;4
1875;2;16;1.690;4
1876;3;26;0.460;4
1877;19;1;3.577;0
1878;13;12;2.088;3
1879;16;0;3.370;1
1880;7;25;0.000;4
1881;6;27;0.095;4
1882;4;18;1.405;4
1883;9;10;1.878;4
1884;11;4;2.872;2
1885;12;0;3.708;0
1886;5;19;1.175;4
1887;18;29;0.995;4
1888;3;12;2.529;2
1889;19;7;2.597;2
1890;0;5;2.461;3
1891;9;28;0.548;4
1892;6;16;1.803;4
1893;8;11;2.310;3
1894;11;0;3.093;1
1895;8;2;2.616;2
1896;8;13;2.277;3
1897;14;25;1.052;4
1898;13;7;2.748;2
1899;16;10;2.622;2
1900;4;26;0.243;4
1901;12;13;2.195;3
1902;11;7;2.640;2
1903;7;28;0.833;4
1904;9;2;3.402;1
1905;6;6;2.616;2
1906;2;27;0.340;4
1907;4;18;1.698;4
1908;2;3;2.357;3
1909;13;24;0.846;4
1910;13;15;2.247;3
1911;19;12;2.479;3
1912;14;19;1.374;4
1913;1;18;1.355;4
1914;17;4;3.060;1
1915;17;22;1.557;4
1916;8;4;3.220;1
1917;11;19;1.150;4
1918;19;23;1.321;4
1919;10;3;3.491;1
1920;18;1;3.870;0
1921;1;25;0.170;4
1922;3;12;2.197;3
1923;8;29;0.021;4
1924;11;15;2.387;3
1925;16;21;1.361;4
1926;19;1;3.511;0
1927;7;18;1.437;4
1928;0;16;1.804;4
1929;16;4;3.262;1
1930;12;24;1.170;4
1931;3;17;1.402;4
1932;9;27;0.550;4
1933;14;22;1.517;4
1934;15;20;2.032;3
1935;9;17;2.289;3
1936;6;7;2.087;3
1937;19;26;1.668;4
1938;13;14;2.596;2
1939;8;12;1.951;4
1940;5;12;2.103;3
1941;14;15;1.379;4
1942;4;21;0.672;4
1943;3;19;1.142;4
1944;10;12;1.621;4
1945;5;19;1.122;4
1946;12;1;3.402;1
1947;2;2;2.684;2
1948;13;14;2.997;2
1949;5;22;1.285;4
1950;0;18;1.201;4
1951;2;12;1.978;4
1952;18;4;3.837;0
1953;17;25;1.180;4
1954;4;21;1.540;4
1955;15;5;3.159;1
1956;12;13;1.752;4
1957;19;3;3.045;1
1958;7;21;1.166;4
1959;13;18;1.786;4
1960;1;22;0.841;4
1961;7;6;2.397;3
1962;19;3;3.577;0
1963;10;1;3.225;1
1964;5;26;0.000;4
1965;2;6;2.807;2
1966;14;2;3.422;1
1967;12;14;2.105;3
1968;7;0;3.161;1
1969;19;1;2.994;2
1970;0;9;2.490;3
1971;6;15;2.131;3
1972;18;24;0.838;4
1973;6;27;0.677;4
1974;5;14;1.736;4
1975;10;23;1.255;4
1976;16;14;1.923;4
1977;2;13;2.192;3
1978;18;21;1.758;4
1979;15;13;1.924;4
1980;3;5;2.808;2
1981;14;13;2.139;3
1982;7;16;1.364;4
1983;8;17;1.723;4
1984;15;19;1.192;4
1985;19;18;1.535;4
1986;2;29;0.115;4
1987;8;16;1.562;4
1988;9;15;2.096;3
1989;7;7;3.009;1
1990;7;6;2.071;3
1991;1;19;1.747;4
1992;13;27;1.080;4
1993;8;11;2.271;3
1994;3;8;2.117;3
1995;16;26;0.744;4
1996;16;13;1.893;4
1997;9;19;1.586;4
1998;5;0;3.512;0
1999;12;9;2.629;2
2000;5;16;1.837;4
2001;4;16;1.834;4
2002;14;16;1.766;4
2003;0;3;3.202;1
2004;1;16;1.264;4
2005;0;17;1.428;4
2006;3;19;1.071;4
2007;1;22;0.833;4
2008;19;1;3.130;1
2009;5;7;2.537;2
2010;2;12;1.671;4
2011;4;22;0.817;4
2012;18;24;1.131;4
2013;10;29;0.333;4
2014;7;21;1.489;4
2015;17;19;1.683;4
2016;7;21;1.922;4
2017;6;14;1.940;4
2018;4;19;1.066;4
2019;7;22;0.969;4
2020;6;8;2.686;2
2021;13;2;3.521;0
2022;5;2;2.816;2
2023;11;1;3.488;1
2024;1;0;3.592;0
2025;3;13;1.578;4
2026;8;16;1.886;4
2027;18;12;2.366;3
2028;7;18;2.435;3
2029;13;29;0.393;4
2030;5;22;0.713;4
2031;2;14;2.574;2
2032;1;26;0.701;4
2033;6;24;1.586;4
2034;3;13;2.059;3
2035;3;1;3.130;1
2036;15;6;3.539;0
2037;0;16;2.060;3
2038;11;17;1.756;4
2039;7;5;2.623;2
2040;10;26;0.263;4
2041;11;20;1.704;4
2042;6;7;2.104;3
2043;5;27;0.838;4
2044;14;26;0.557;4
2045;17;1;3.350;1
2046;3;0;3.280;1
2047;1;15;1.556;4
2048;17;6;2.846;2
2049;6;21;1.138;4
2050;11;23;1.392;4
2051;7;10;2.183;3
2052;2;14;2.254;3
2053;11;12;2.254;3
2054;10;29;0.393;4
2055;4;23;1.485;4
2056;9;1;2.672;2
2057;15;13;1.832;4
2058;11;23;0.758;4
2059;1;5;2.938;2
2060;10;8;3.055;1
2061;14;27;0.918;4
2062;15;6;3.461;1
2063;12;17;1.842;4
2064;3;23;1.186;4
2065;14;8;2.422;3
2066;13;22;0.913;4
2067;0;3;3.073;1
2068;8;8;2.167;3
2069;6;3;2.554;2
2070;13;11;2.449;3
2071;4;3;3.463;1
2072;11;24;1.443;4
2073;18;29;0.913;4
2074;15;23;0.924;4
2075;18;19;1.844;4
2076;19;13;2.097;3
2077;0;23;0.875;4
2078;12;23;1.449;4
2079;8;6;3.081;1
2080;17;25;1.119;4
2081;5;12;2.062;3
2082;19;21;1.563;4
2083;12;7;2.493;3
2084;15;22;1.100;4
2085;1;4;2.694;2
2086;3;11;1.685;4
2087;15;12;2.424;3
2088;0;28;0.405;4
2089;16;19;0.651;4
2090;0;13;1.795;4
2091;13;27;0.964;4
2092;7;17;1.931;4
2093;12;26;0.994;4
2094;13;23;1.354;4
2095;6;24;0.704;4
2096;2;19;1.524;4
2097;1;3;3.359;1
2098;11;20;1.766;4
2099;10;17;1.787;4
2100;14;6;3.154;1
2101;10;14;2.005;3
2102;8;20;1.721;4
2103;7;5;3.127;1
2104;0;15;1.442;4
2105;6;19;1.621;4
2106;19;23;2.196;3
2107;17;7;3.103;1
2108;6;27;0.474;4
2109;11;20;1.044;4
2110;16;15;2.386;3
2111;8;27;0.270;4
2112;0;21;0.439;4
2113;1;15;1.558;4
2114;10;2;3.681;0
2115;19;16;2.111;3
2116;13;8;3.292;1
2117;1;24;0.428;4
2118;3;2;2.846;2
2119;15;19;1.772;4
2120;16;28;0.798;4
2121;12;6;3.521;0
2122;12;17;1.591;4
2123;0;11;1.864;4
2124;16;18;2.412;3
2125;15;15;2.138;3
2126;5;21;1.073;4
2127;14;26;0.312;4
2128;4;23;0.502;4
2129;0;16;1.490;4
2130;4;19;0.877;4
2131;3;14;2.052;3
2132;6;0;3.294;1
2133;8;1;2.608;2
2134;10;7;2.207;3
2135;9;21;1.629;4
2136;5;24;0.494;4
2137;0;1;3.204;1
2138;12;18;2.068;3
2139;7;8;2.281;3
2140;5;8;2.482;3
2141;17;12;2.622;2
2142;14;5;3.351;1
2143;17;29;0.841;4
2144;9;14;2.372;3
2145;2;18;1.923;4
2146;13;20;1.008;4
2147;4;14;1.554;4
2148;8;17;1.248;4
2149;1;6;2.461;3
2150;16;25;0.963;4
2151;2;10;2.084;3
2152;18;7;2.942;2
2153;17;5;3.179;1
2154;9;7;2.627;2
2155;14;1;3.109;1
2156;12;18;1.423;4
2157;16;15;2.058;3
2158;8;6;2.917;2
2159;15;9;3.184;1
2160;9;11;2.605;2
2161;18;16;2.346;3
2162;9;6;2.239;3
2163;9;21;1.751;4
2164;15;7;2.953;2
2165;16;6;3.072;1
2166;11;3;2.809;2
2167;3;2;2.644;2
2168;9;18;1.397;4
2169;19;14;2.440;3
2170;15;3;2.627;2
2171;16;24;1.468;4
2172;0;8;2.381;3
2173;9;12;2.303;3
2174;12;17;1.596;4
2175;16;20;1.685;4
2176;0;15;1.897;4
2177;17;0;3.497;1
2178;10;3;3.361;1
2179;3;17;0.822;4
2180;6;7;2.640;2
2181;5;19;0.897;4
2182;10;15;1.675;4
2183;1;20;0.906;4
2184;3;10;2.419;3
2185;16;19;2.131;3
2186;2;20;1.031;4
2187;4;20;1.510;4
2188;9;20;1.789;4
2189;10;26;0.596;4
2190;15;18;1.415;4
2191;8;22;1.242;4
2192;15;18;1.935;4
2193;12;17;2.316;3
2194;2;18;1.819;4
2195;3;10;2.363;3
2196;8;2;2.791;2
2197;7;7;2.955;2
2198;14;19;1.813;4
2199;11;18;1.141;4
2200;7;9;2.295;3
2201;3;15;1.677;4
2202;4;4;2.752;2
2203;11;19;1.201;4
2204;8;8;2.901;2
2205;10;7;2.677;2
2206;3;10;2.298;3
2207;13;15;1.451;4
2208;17;6;2.982;2
2209;5;14;1.415;4
2210;9;23;0.929;4
2211;19;28;0.984;4
2212;6;20;1.383;4
2213;11;19;1.864;4
2214;1;22;1.228;4
2215;12;16;2.137;3
2216;1;5;2.435;3
2217;19;14;2.256;3
2218;14;7;2.689;2
2219;15;6;3.131;1
2220;14;1;3.770;0
2221;11;29;0.800;4
2222;8;12;2.965;2
2223;17;29;0.703;4
2224;19;22;1.194;4
2225;9;28;0.300;4
2226;18;5;3.300;1
2227;11;28;0.212;4
2228;10;4;3.526;0
2229;9;19;1.612;4
2230;4;0;3.343;1
2231;0;28;0.026;4
2232;4;17;1.636;4
2233;10;14;1.710;4
2234;7;22;1.485;4
2235;8;9;2.999;2
2236;19;2;3.515;0
2237;7;4;2.918;2
2238;9;23;1.362;4
2239;2;28;0.205;4
2240;0;12;2.233;3
2241;15;7;3.159;1
2242;11;21;1.995;4
2243;15;20;0.999;4
2244;2;28;0.522;4
2245;11;1;3.464;1
2246;5;8;1.988;4
2247;4;16;1.682;4
2248;0;26;0.113;4
2249;2;17;1.908;4
2250;6;12;1.198;4
2251;2;0;3.215;1
2252;19;11;2.190;3
2253;6;19;1.151;4
2254;2;19;0.690;4
2255;3;20;1.520;4
2256;11;4;3.169;1
2257;1;7;1.808;4
2258;17;26;1.116;4
2259;19;14;2.003;3
2260;4;26;0.890;4
2261;9;2;3.985;0
2262;0;5;2.325;3
2263;12;27;0.613;4
2264;8;12;2.712;2
2265;5;11;2.097;3
2266;4;18;1.183;4
2267;13;28;0.560;4
2268;8;17;1.167;4
2269;3;23;0.923;4
2270;13;0;3.841;0
2271;11;24;1.213;4
2272;17;26;0.962;4
2273;2;6;2.502;2
2274;15;11;2.456;3
2275;13;9;2.647;2
2276;2;28;0.382;4
2277;13;11;2.396;3
2278;8;10;2.596;2
2279;18;3;4.000;0
2280;2;18;1.420;4
2281;12;5;3.433;1
2282;7;24;0.129;4
2283;19;8;2.929;2
2284;6;19;0.947;4
2285;19;9;3.000;2
2286;18;4;3.055;1
2287;5;26;0.000;4
2288;16;12;2.746;2
2289;19;8;3.215;1
2290;5;1;3.415;1
2291;8;17;1.469;4
2292;10;20;1.552;4
2293;5;0;3.548;0
2294;0;23;0.193;4
2295;4;20;1.349;4
2296;5;11;2.143;3
2297;8;9;2.471;3
2298;3;1;3.205;1
2299;17;27;0.454;4
2300;14;8;2.810;2
2301;1;1;2.998;2
2302;13;22;1.176;4
2303;13;23;1.669;4
2304;19;29;1.623;4
2305;0;21;0.518;4
2306;4;13;1.946;4
2307;18;10;2.815;2
2308;18;22;1.248;4
2309;14;10;2.759;2
2310;15;16;1.921;4
2311;1;3;2.732;2
2312;10;12;2.229;3
2313;4;6;2.612;2
2314;3;15;2.198;3
2315;16;0;3.336;1
2316;2;12;1.722;4
2317;9;0;3.288;1
2318;18;10;2.562;2
2319;3;5;2.359;3
2320;19;19;1.498;4
2321;19;2;3.517;0
2322;11;11;2.404;3
2323;3;4;2.517;2
2324;6;8;2.435;3
2325;8;25;1.283;4
2326;6;25;1.099;4
2327;5;11;2.191;3
2328;19;29;1.584;4
2329;3;29;0.476;4
2330;14;27;1.207;4
2331;0;26;0.265;4
2332;11;9;2.707;2
2333;18;18;1.530;4
2334;5;4;3.127;1
2335;3;25;1.004;4
2336;13;4;3.369;1
2337;14;8;2.791;2
2338;13;26;0.674;4
2339;6;27;0.338;4
2340;5;25;0.887;4
2341;19;26;1.507;4
2342;18;19;1.705;4
2343;9;16;1.973;4
2344;16;9;2.626;2
2345;9;20;1.672;4
2346;8;0;3.094;1
2347;3;21;1.643;4
2348;8;27;0.339;4
2349;10;15;1.926;4
2350;0;25;0.450;4
2351;8;25;0.710;4
2352;15;14;1.748;4
2353;13;22;0.972;4
2354;12;16;1.935;4
2355;18;25;0.690;4
2356;0;19;0.730;4
2357;11;24;0.682;4
2358;15;12;3.023;1
2359;10;0;3.730;0
2360;6;24;0.842;4
2361;2;7;2.584;2
2362;17;4;3.372;1
2363;9;5;3.061;1
2364;17;22;1.168;4
2365;11;19;1.349;4
2366;13;29;1.118;4
2367;16;13;2.579;2
2368;13;21;1.626;4
2369;7;22;0.934;4
2370;10;10;2.703;2
2371;16;5;2.964;2
2372;7;10;2.267;3
2373;7;12;1.754;4
2374;1;11;2.023;3
2375;18;21;1.678;4
2376;1;1;3.660;0
2377;12;20;1.363;4
2378;8;2;2.814;2
2379;8;22;1.303;4
2380;13;3;3.384;1
2381;1;16;1.379;4
2382;11;27;0.731;4
2383;15;27;0.401;4
2384;16;21;1.729;4
2385;3;5;2.616;2
2386;17;6;2.987;2
2387;13;14;2.127;3
2388;17;10;2.708;2
2389;9;23;0.816;4
2390;10;2;2.524;2
2391;18;29;0.908;4
2392;17;5;3.056;1
2393;8;25;0.838;4
2394;5;1;2.834;2
2395;7;28;0.785;4
2396;7;13;1.886;4
2397;5;8;2.701;2
2398;5;17;1.522;4
2399;17;18;1.880;4
2400;1;11;2.037;3
2401;13;12;2.521;2
2402;3;25;0.136;4
2403;6;11;1.975;4
2404;1;11;2.195;3
2405;5;17;1.718;4
2406;15;8;2.510;2
2407;17;16;2.435;3
2408;4;20;1.355;4
2409;9;15;1.545;4
2410;9;16;1.619;4
2411;17;20;2.021;3
2412;15;23;0.984;4
2413;10;7;2.062;3
2414;13;10;2.644;2
2415;16;23;1.348;4
2416;0;1;3.055;1
2417;8;7;2.514;2
2418;18;11;2.340;3
2419;14;20;1.582;4
2420;10;0;3.566;0
2421;10;22;1.601;4
2422;6;12;2.637;2
2423;10;21;0.905;4
2424;13;20;1.577;4
2425;8;16;1.785;4
2426;14;13;1.880;4
2427;17;13;2.555;2
2428;3;15;1.574;4
2429;9;16;1.814;4
2430;8;5;2.584;2
2431;13;25;0.530;4
2432;4;27;0.715;4
2433;12;6;2.737;2
2434;17;25;1.271;4
2435;8;25;0.751;4
2436;18;0;3.753;0
2437;19;24;1.162;4
2438;2;14;1.871;4
2439;4;19;1.075;4
2440;19;20;1.313;4
2441;19;17;1.703;4
2442;1;29;0.540;4
2443;0;27;0.342;4
2444;3;25;0.270;4
2445;19;12;2.504;2
2446;3;23;0.530;4
2447;10;29;0.820;4
2448;16;1;3.408;1
2449;0;18;1.350;4
2450;12;14;2.030;3
2451;5;11;1.775;4
2452;17;14;1.992;4
2453;5;24;0.754;4
2454;13;17;1.491;4
2455;13;13;2.157;3
2456;4;5;3.107;1
2457;0;11;2.000;4
2458;8;19;1.363;4
2459;5;22;1.307;4
2460;16;29;0.589;4
2461;16;29;0.682;4
2462;9;5;2.819;2
2463;12;25;0.745;4
2464;12;29;0.725;4
2465;16;8;2.927;2
2466;8;29;0.552;4
2467;5;24;1.299;4
2468;5;25;1.187;4
2469;10;3;3.333;1
2470;8;16;1.489;4
2471;8;1;3.307;1
2472;1;15;1.611;4
2473;14;23;2.057;3
2474;4;13;1.674;4
2475;3;25;0.491;4
2476;8;7;2.232;3
2477;4;13;2.259;3
2478;11;1;3.454;1
2479;7;15;2.159;3
2480;8;3;2.748;2
2481;10;0;3.324;1
2482;4;22;0.910;4
2483;3;19;1.168;4
2484;17;26;1.220;4
2485;8;13;2.335;3
2486;8;7;2.845;2
2487;0;24;0.972;4
2488;9;27;0.856;4
2489;11;24;0.953;4
2490;11;2;3.235;1
2491;14;4;2.533;2
2492;3;5;2.772;2
2493;5;21;0.947;4
2494;16;25;1.315;4
2495;18;7;3.318;1
2496;2;5;2.331;3
2497;9;5;2.906;2
2498;4;3;3.345;1
2499;1;6;2.168;3
2500;6;29;0.211;4
2501;2;29;0.000;4
2502;14;23;0.894;4
2503;10;18;1.831;4
2504;2;6;2.465;3
2505;0;2;2.651;2
2506;16;7;3.162;1
2507;3;0;2.906;2
2508;12;0;3.733;0
2509;6;13;2.110;3
2510;11;5;2.547;2
2511;6;9;2.116;3
2512;1;24;0.484;4
2513;4;27;0.000;4
2514;3;13;1.811;4
2515;8;3;2.674;2
2516;13;5;3.103;1
2517;5;15;2.433;3
2518;0;27;0.592;4
2519;10;20;1.420;4
2520;12;27;1.365;4
2521;19;0;3.525;0
2522;11;5;3.056;1
2523;9;8;2.571;2
2524;11;14;2.135;3
2525;18;11;2.302;3
2526;16;2;3.354;1
2527;6;10;2.253;3
2528;4;14;2.060;3
2529;5;2;2.705;2
2530;10;13;1.821;4
2531;14;1;3.261;1
2532;10;28;0.742;4
2533;1;3;2.944;2
2534;14;25;0.447;4
2535;16;18;1.844;4
2536;5;11;1.899;4
2537;13;1;3.379;1
2538;8;16;1.667;4
2539;17;2;3.309;1
2540;16;9;2.762;2
2541;10;15;2.043;3
2542;13;21;1.487;4
2543;17;8;2.874;2
2544;9;10;2.016;3
2545;6;20;1.070;4
2546;15;14;2.605;2
2547;4;2;3.363;1
2548;7;15;2.125;3
2549;17;29;1.051;4
2550;14;20;1.580;4
2551;8;20;1.397;4
2552;4;20;1.166;4
2553;7;27;0.962;4
2554;5;11;2.310;3
2555;3;22;0.936;4
2556;14;4;2.938;2
2557;5;6;2.767;2
2558;9;8;3.027;1
2559;7;20;1.536;4
2560;19;17;2.495;3
2561;7;20;1.616;4
2562;1;7;2.210;3
2563;1;11;1.798;4
2564;11;19;1.566;4
2565;11;1;2.921;2
2566;8;9;2.520;2
2567;8;18;1.489;4
2568;1;8;1.664;4
2569;10;24;0.774;4
2570;10;23;0.892;4
2571;2;7;2.215;3
2572;2;23;0.652;4
2573;2;23;0.974;4
2574;2;23;0.341;4
2575;12;0;2.773;2
2576;3;5;2.498;3
2577;5;11;2.076;3
2578;3;24;0.773;4
2579;19;23;0.988;4
2580;17;18;1.378;4
2581;4;26;0.477;4
2582;6;16;1.836;4
2583;4;1;2.924;2
2584;9;10;2.289;3
2585;0;17;0.822;4
2586;13;22;1.468;4
2587;10;27;0.654;4
2588;17;21;1.826;4
2589;3;10;2.168;3
2590;16;17;1.813;4
2591;15;7;3.010;1
2592;2;14;2.137;3
2593;7;8;2.297;3
2594;3;14;1.500;4
2595;5;6;2.528;2
2596;5;19;1.379;4
2597;11;12;2.462;3
2598;8;12;2.143;3
2599;18;0;3.479;1
2600;2;19;1.136;4
2601;19;3;3.316;1
2602;4;23;0.945;4
2603;15;3;3.360;1
2604;6;3;3.583;0
2605;2;12;2.269;3
2606;17;1;3.395;1
2607;6;27;0.424;4
2608;13;25;0.836;4
2609;11;22;1.286;4
2610;9;14;2.132;3
2611;9;3;3.309;1
2612;14;26;0.959;4
2613;1;5;2.540;2
2614;13;2;3.013;1
2615;17;6;3.167;1
2616;1;5;1.905;4
2617;2;2;3.033;1
2618;14;3;3.458;1
2619;8;9;2.450;3
2620;8;29;1.165;4
2621;2;20;0.827;4
2622;10;8;2.398;3
2623;2;29;0.000;4
2624;9;5;2.758;2
2625;15;28;0.348;4
2626;5;19;1.677;4
2627;9;26;0.574;4
2628;19;10;3.104;1
2629;13;6;2.802;2
2630;16;17;2.128;3
2631;8;3;2.688;2
2632;15;4;2.784;2
2633;0;3;3.134;1
2634;2;3;2.619;2
2635;4;26;0.772;4
2636;8;12;2.275;3
2637;16;15;1.540;4
2638;6;24;1.128;4
2639;13;13;1.596;4
2640;14;10;3.138;1
2641;11;28;0.799;4
2642;7;1;2.973;2
2643;11;21;1.556;4
2644;6;13;1.853;4
2645;1;23;0.975;4
2646;19;23;1.391;4
2647;2;26;0.236;4
2648;1;6;2.630;2
2649;17;25;0.530;4
2650;6;10;2.319;3
2651;13;3;2.759;2
2652;6;6;2.096;3
2653;7;28;0.746;4
2654;5;15;1.795;4
2655;6;25;0.701;4
2656;8;5;2.458;3
2657;14;26;0.429;4
2658;10;5;3.017;1
2659;18;1;3.618;0
2660;0;23;0.426;4
2661;10;7;2.736;2
2662;11;29;0.223;4
2663;18;26;1.012;4
2664;0;6;2.573;2
2665;11;26;0.200;4
2666;17;24;0.803;4
2667;4;23;0.540;4
2668;17;13;2.482;3
2669;0;8;1.634;4
2670;14;14;2.401;3
2671;18;24;1.266;4
2672;13;21;1.266;4
2673;8;17;1.622;4
2674;0;11;1.858;4
2675;18;22;0.640;4
2676;9;18;1.398;4
2677;0;12;1.429;4
2678;13;6;2.935;2
2679;9;24;0.633;4
2680;2;9;2.565;2
2681;4;29;0.398;4
2682;1;9;2.065;3
2683;11;1;3.121;1
2684;12;13;1.921;4
2685;10;12;2.330;3
2686;16;21;1.272;4
2687;17;28;1.066;4
2688;12;5;2.905;2
2689;0;8;2.567;2
2690;13;12;1.694;4
2691;8;8;2.801;2
2692;11;12;1.814;4
2693;12;4;3.343;1
2694;7;13;2.185;3
2695;18;4;3.492;1
2696;2;8;1.814;4
2697;13;7;2.773;2
2698;0;6;2.440;3
2699;18;7;2.868;2
2700;2;21;0.517;4
2701;1;2;2.891;2
2702;6;22;0.711;4
2703;7;23;0.424;4
2704;4;14;2.248;3
2705;11;7;2.715;2
2706;8;0;4.000;0
2707;0;6;2.676;2
2708;6;18;1.855;4
2709;16;1;3.549;0
2710;13;13;1.952;4
2711;14;17;1.850;4
2712;13;29;0.875;4
2713;6;14;1.794;4
2714;1;13;1.856;4
2715;5;23;0.551;4
2716;16;24;1.580;4
2717;19;18;1.874;4
2718;9;29;0.515;4
2719;0;18;1.331;4
2720;2;21;1.622;4
2721;6;26;0.384;4
2722;11;25;1.364;4
2723;1;16;1.480;4
2724;18;21;1.581;4
2725;7;27;0.000;4
2726;18;18;1.887;4
2727;15;26;0.864;4
2728;15;15;1.489;4
2729;12;19;1.473;4
2730;12;24;1.344;4
2731;12;18;1.365;4
2732;12;0;3.830;0
2733;11;18;1.597;4
2734;19;6;3.320;1
2735;14;28;0.649;4
2736;15;22;1.018;4
2737;17;10;2.441;3
2738;4;4;3.153;1
2739;1;29;0.217;4
2740;9;16;1.812;4
2741;10;10;2.778;2
2742;16;23;1.224;4
2743;8;25;1.102;4
2744;11;7;2.060;3
2745;10;9;2.524;2
2746;0;11;1.967;4
2747;12;9;2.842;2
2748;16;12;2.200;3
2749;3;25;0.925;4
2750;11;17;1.843;4
2751;11;9;2.670;2
2752;3;18;1.328;4
2753;2;19;0.755;4
2754;19;16;1.846;4
2755;7;19;1.538;4
2756;4;15;1.581;4
2757;3;4;2.884;2
2758;13;2;3.055;1
2759;12;29;0.328;4
2760;12;26;0.612;4
2761;1;14;1.567;4
2762;17;25;1.220;4
2763;7;1;3.021;1
2764;6;12;2.262;3
2765;9;21;1.455;4
2766;7;7;2.449;3
2767;17;22;1.280;4
2768;18;26;1.043;4
2769;6;29;1.035;4
2770;17;16;1.573;4
2771;15;3;2.898;2
2772;18;18;1.821;4
2773;4;21;0.729;4
2774;11;24;0.902;4
2775;5;8;2.421;3
2776;16;22;1.221;4
2777;0;14;1.996;4
2778;11;27;0.623;4
2779;6;8;2.903;2
2780;6;23;1.349;4
2781;12;20;1.351;4
2782;17;8;2.746;2
2783;12;13;2.993;2
2784;17;22;1.589;4
2785;5;20;1.653;4
2786;10;15;2.136;3
2787;9;23;0.737;4
2788;0;22;0.353;4
2789;11;24;0.690;4
2790;13;25;0.943;4
2791;11;16;1.882;4
2792;14;12;2.474;3
2793;11;8;2.508;2
2794;1;14;1.564;4
2795;2;6;2.456;3
2796;11;0;2.737;2
2797;5;0;3.262;1
2798;1;4;2.284;3
2799;8;23;1.154;4
2800;11;8;2.789;2
2801;6;11;1.539;4
2802;14;5;3.056;1
2803;12;27;0.741;4
2804;6;12;2.500;3
2805;15;25;0.895;4
2806;12;27;0.774;4
2807;12;7;3.015;1
2808;11;14;1.821;4
2809;0;5;2.543;2
2810;13;26;0.645;4
2811;7;5;2.631;2
2812;18;3;2.712;2
2813;16;10;2.673;2
2814;11;20;1.715;4
2815;5;29;0.211;4
2816;4;17;1.859;4
2817;6;2;2.673;2
2818;9;2;2.719;2
2819;5;29;0.737;4
2820;10;11;2.295;3
2821;3;26;0.841;4
2822;19;20;2.132;3
2823;2;29;0.992;4
2824;18;20;1.452;4
2825;18;5;2.860;2
2826;10;20;1.183;4
2827;14;27;0.131;4
2828;8;5;3.363;1
2829;12;7;2.252;3
2830;6;14;1.688;4
2831;6;17;1.815;4
2832;11;19;1.495;4
2833;9;28;0.000;4
2834;11;15;1.572;4
2835;5;5;2.235;3
2836;7;27;0.509;4
2837;1;20;0.702;4
2838;1;16;1.818;4
2839;5;8;2.338;3
2840;1;18;1.763;4
2841;2;17;1.580;4
2842;16;24;1.514;4
2843;0;22;0.547;4
2844;13;4;3.112;1
2845;5;27;0.308;4
2846;17;5;2.229;3
2847;9;11;2.506;2
2848;6;10;1.978;4
2849;10;15;2.341;3
2850;7;19;1.261;4
2851;11;16;1.783;4
2852;2;19;1.501;4
2853;19;8;2.239;3
2854;8;0;3.824;0
2855;6;25;0.895;4
2856;14;2;3.533;0
2857;7;20;1.023;4
2858;16;22;1.961;4
2859;9;8;2.745;2
2860;14;21;1.554;4
2861;2;18;0.707;4
2862;16;12;2.824;2
2863;14;22;1.293;4
2864;4;13;2.126;3
2865;2;19;1.113;4
2866;6;18;1.262;4
2867;19;29;1.078;4
2868;5;22;0.675;4
2869;9;26;0.685;4
2870;0;26;1.021;4
2871;7;6;3.428;1
2872;11;3;3.249;1
2873;19;11;2.279;3
2874;10;22;0.833;4
2875;16;26;0.857;4
2876;10;13;1.744;4
2877;0;1;2.807;2
2878;6;0;3.491;1
2879;11;27;0.694;4
2880;19;17;2.162;3
2881;17;19;1.893;4
2882;4;7;2.883;2
2883;4;2;3.270;1
2884;4;25;1.027;4
2885;18;5;2.490;3
2886;17;21;1.709;4
2887;15;12;2.324;3
2888;7;8;2.197;3
2889;10;8;2.500;2
2890;9;19;1.050;4
2891;5;8;2.438;3
2892;10;14;1.915;4
2893;0;12;1.628;4
2894;2;21;1.070;4
2895;17;15;2.370;3
2896;15;1;2.975;2
2897;8;25;0.358;4
2898;10;13;1.923;4
2899;7;26;0.331;4
2900;14;5;3.220;1
2901;15;1;3.951;0
2902;15;7;2.795;2
2903;14;3;3.562;0
2904;4;20;1.361;4
2905;6;23;0.739;4
2906;9;13;2.321;3
2907;6;10;2.838;2
2908;15;23;0.827;4
2909;6;27;0.876;4
2910;2;13;1.468;4
2911;7;11;2.122;3
2912;19;15;2.482;3
2913;4;5;2.876;2
2914;12;19;1.663;4
2915;8;0;2.964;2
2916;1;11;2.032;3
2917;9;6;3.208;1
2918;14;7;2.553;2
2919;10;8;3.129;1
2920;17;1;4.000;0
2921;5;16;1.357;4
2922;1;19;0.685;4
2923;18;12;2.235;3
2924;7;4;1.953;4
2925;11;9;2.471;3
2926;15;11;2.512;2
2927;6;16;2.097;3
2928;14;20;1.345;4
2929;2;5;2.242;3
2930;5;2;2.637;2
2931;2;27;0.286;4
2932;16;14;2.085;3
2933;4;6;2.778;2
2934;14;29;0.484;4
2935;18;5;2.876;2
2936;10;3;3.471;1
2937;10;18;1.318;4
2938;9;4;2.716;2
2939;6;2;3.475;1
2940;9;25;0.935;4
2941;12;24;0.519;4
2942;19;8;2.726;2
2943;18;5;3.099;1
2944;17;12;2.074;3
2945;17;26;1.983;4
2946;9;21;0.766;4
2947;13;27;0.636;4
2948;17;29;1.148;4
2949;7;19;1.750;4
2950;19;3;2.821;2
2951;8;1;3.241;1
2952;12;25;0.706;4
2953;14;3;2.913;2
2954;19;7;2.895;2
2955;4;12;1.777;4
2956;14;9;2.457;3
2957;10;17;1.939;4
2958;5;8;2.292;3
2959;15;29;0.585;4
2960;11;0;2.905;2
2961;13;12;1.739;4
2962;6;17;1.670;4
2963;9;14;1.648;4
2964;12;1;2.710;2
2965;8;10;1.956;4
2966;3;28;0.673;4
2967;19;13;2.607;2
2968;10;21;1.566;4
2969;14;14;2.197;3
2970;8;13;2.333;3
2971;7;15;1.773;4
2972;8;22;1.150;4
2973;8;28;0.841;4
2974;10;14;1.564;4
2975;10;18;0.871;4
2976;9;26;0.613;4
2977;2;8;2.572;2
2978;9;4;2.308;3
2979;3;4;2.318;3
2980;2;10;2.311;3
2981;18;27;1.586;4
2982;12;19;1.631;4
2983;13;24;1.559;4
2984;8;23;0.684;4
2985;18;27;0.971;4
2986;12;3;3.345;1
2987;15;19;1.886;4
2988;7;17;1.470;4
2989;19;24;1.436;4
2990;16;2;3.400;1
2991;17;3;3.564;0
2992;3;13;2.074;3
2993;5;6;2.504;2
2994;5;25;0.967;4
2995;5;7;2.691;2
2996;17;23;0.865;4
2997;0;15;1.994;4
2998;1;19;1.200;4
2999;5;14;2.196;3
3000;3;6;1.901;4
3001;4;25;0.840;4
3002;15;16;1.362;4
3003;11;21;0.851;4
3004;0;21;1.003;4
3005;8;21;1.391;4
3006;8;11;2.440;3
3007;2;17;1.243;4
3008;13;23;1.965;4
3009;14;13;2.688;2
3010;14;14;2.740;2
3011;14;14;2.496;3
3012;0;4;2.969;2
3013;19;15;2.216;3
3014;16;4;3.504;0
3015;18;1;3.385;1
3016;0;19;1.418;4
3017;18;27;1.139;4
3018;16;24;0.770;4
3019;16;8;2.348;3
3020;1;21;0.322;4
3021;14;26;1.124;4
3022;19;8;2.717;2
3023;13;3;2.657;2
3024;11;14;1.528;4
3025;18;10;2.736;2
3026;8;0;3.748;0
3027;11;17;1.706;4
3028;9;28;0.959;4
3029;18;0;4.000;0
3030;1;7;1.859;4
3031;10;24;1.001;4
3032;13;15;2.414;3
3033;15;25;1.172;4
3034;11;27;0.276;4
3035;18;21;1.908;4
3036;18;17;2.019;3
3037;1;21;0.916;4
3038;8;8;3.129;1
3039;0;11;1.946;4
3040;6;18;1.510;4
3041;10;24;0.153;4
3042;18;17;1.712;4
3043;16;26;1.420;4
3044;2;4;2.439;3
3045;1;26;0.317;4
3046;11;1;3.543;0
3047;10;6;3.125;1
3048;5;26;0.655;4
3049;17;9;3.512;0
3050;18;14;2.863;2
3051;8;24;1.116;4
3052;17;6;3.201;1
3053;7;27;0.101;4
3054;14;4;3.017;1
3055;9;14;2.221;3
3056;2;19;1.111;4
3057;18;27;0.992;4
3058;9;19;1.175;4
3059;14;14;2.293;3
3060;7;9;2.294;3
3061;0;23;0.370;4
3062;2;25;0.666;4
3063;9;28;0.729;4
3064;13;25;1.010;4
3065;6;13;1.830;4
3066;13;25;0.941;4
3067;13;25;1.153;4
3068;14;9;3.030;1
3069;9;16;1.757;4
3070;18;20;1.966;4
3071;9;13;1.302;4
3072;9;1;3.773;0
3073;3;15;1.922;4
3074;6;12;1.789;4
3075;0;26;0.633;4
3076;12;8;2.850;2
3077;4;6;2.685;2
3078;6;15;1.899;4
3079;15;9;2.454;3
3080;6;23;1.208;4
3081;4;21;1.527;4
3082;3;8;2.687;2
3083;15;21;1.131;4
3084;2;22;0.741;4
3085;9;6;2.893;2
3086;10;15;1.376;4
3087;13;8;1.936;4
3088;12;26;1.058;4
3089;16;23;1.230;4
3090;0;28;0.147;4
3091;5;16;1.170;4
3092;5;19;1.016;4
3093;2;6;2.521;2
3094;5;10;2.028;3
3095;6;7;2.671;2
3096;10;6;2.873;2
3097;13;27;1.030;4
3098;7;18;1.757;4
3099;14;19;1.895;4
3100;6;11;2.035;3
3101;5;6;2.053;3
3102;10;7;2.330;3
3103;0;6;1.756;4
3104;1;5;2.827;2
3105;8;24;0.694;4
3106;18;8;2.954;2
3107;14;26;0.989;4
3108;1;12;2.137;3
3109;16;6;3.032;1
3110;14;7;2.804;2
3111;12;21;0.613;4
3112;16;16;2.202;3
3113;8;16;1.410;4
3114;4;15;1.441;4
3115;10;21;1.234;4
3116;10;1;2.791;2
3117;10;29;0.379;4
3118;11;7;2.173;3
3119;18;16;2.392;3
3120;18;12;1.783;4
3121;17;17;1.786;4
3122;16;23;1.269;4
3123;18;27;1.487;4
3124;1;21;1.062;4
3125;5;27;0.000;4
3126;9;9;2.152;3
3127;16;1;3.597;0
3128;10;1;3.813;0
3129;14;26;1.177;4
3130;2;13;1.948;4
3131;5;15;1.808;4
3132;14;6;3.222;1
3133;3;20;0.809;4
3134;7;20;1.295;4
3135;5;23;1.078;4
3136;6;11;2.920;2
3137;14;27;0.796;4
3138;7;22;1.446;4
3139;11;27;0.940;4
3140;1;13;1.782;4
3141;16;24;1.106;4
3142;7;3;2.813;2
3143;12;25;1.652;4
3144;14;3;3.604;0
3145;4;17;1.527;4
3146;17;2;3.459;1
3147;12;0;3.334;1
3148;8;16;1.718;4
3149;3;6;3.183;1
3150;18;29;0.997;4
3151;15;15;2.525;2
3152;4;29;0.513;4
3153;6;4;2.864;2
3154;16;18;1.733;4
3155;13;6;2.987;2
3156;15;13;2.565;2
3157;8;1;3.139;1
3158;14;2;3.636;0
3159;7;16;1.467;4
3160;4;15;1.800;4
3161;12;7;3.183;1
3162;19;17;1.442;4
3163;6;14;1.882;4
3164;9;6;3.133;1
3165;13;26;0.814;4
3166;10;8;2.478;3
3167;16;5;2.971;2
3168;15;17;2.072;3
3169;1;17;1.636;4
3170;19;24;0.906;4
3171;15;25;0.809;4
3172;17;23;1.684;4
3173;13;13;3.139;1
3174;17;13;1.799;4
3175;2;13;1.687;4
3176;6;24;0.903;4
3177;17;3;3.138;3
3178;4;3;3.189;2
3179;1;14;1.795;3
3180;15;14;2.436;4
3181;16;17;1.688;4
3182;3;13;1.844;1
3183;17;25;1.306;2
3184;13;0;3.545;2
3185;10;9;2.172;4
3186;16;28;0.375;4
3187;8;19;1.558;3
3188;3;9;2.186;3
3189;5;9;2.460;1
3190;10;26;0.428;4
3191;10;23;0.872;3
3192;16;1;3.223;1
3193;15;28;0.818;2
3194;11;27;0.619;4
3195;15;26;1.175;0
3196;3;7;2.801;4
3197;1;0;2.995;3
3198;17;0;3.354;4
3199;1;3;2.733;0
3200;4;6;2.556;4
3201;13;8;2.378;3
3202;8;15;2.061;2
3203;17;4;3.115;3
3204;5;1;3.454;1
3205;0;27;0.000;3
3206;6;22;1.028;1
3207;11;10;1.989;4
3208;7;17;1.672;1
3209;10;24;0.876;4
3210;17;24;0.860;1
3211;18;18;1.971;3
3212;5;12;2.269;0
3213;9;23;1.119;4
3214;10;10;2.371;1
3215;18;19;1.500;0
3216;19;18;1.879;1
3217;4;16;1.699;1
3218;14;4;3.368;1
3219;7;12;1.288;3
3220;0;29;0.000;1
3221;0;26;0.576;0
3222;9;19;1.992;1
3223;9;0;3.044;2
3224;0;9;1.756;4
3225;13;7;3.254;3
3226;5;23;1.093;2
3227;11;28;0.763;2
3228;6;7;2.297;0
3229;3;18;1.651;0
3230;8;5;2.828;3
3231;4;11;2.056;3
3232;10;27;0.770;4
3233;3;6;2.636;1
3234;10;15;1.934;3
3235;3;8;2.716;3
3236;13;20;1.325;1
3237;15;24;1.245;4
3238;2;21;1.334;0
3239;9;9;2.622;4
3240;1;9;2.407;1
3241;11;9;2.266;0
3242;5;19;1.761;0
3243;10;28;0.813;0
3244;10;15;2.192;4
3245;18;0;3.212;1
3246;10;16;1.278;4
3247;11;29;0.924;4
3248;8;25;1.325;2
3249;18;20;1.609;3
3250;15;28;1.263;4
3251;5;13;2.244;2
3252;16;18;1.558;1
3253;8;20;1.163;2
3254;16;20;1.681;4
3255;16;16;1.599;1
3256;3;13;1.274;2
3257;14;7;2.210;4
3258;5;20;1.009;1
3259;5;20;0.969;1
3260;5;8;2.681;3
3261;14;7;2.401;4
3262;4;12;2.377;3
3263;0;16;1.948;1
3264;14;18;1.780;1
3265;3;27;0.558;2
3266;2;6;2.795;3
3267;4;16;1.515;0
3268;7;0;3.041;4
3269;9;4;3.208;3
3270;0;24;0.621;1
3271;19;5;2.800;2
3272;14;25;1.302;4
3273;6;1;3.482;4
3274;6;26;1.252;2
3275;8;24;1.170;1
3276;12;15;2.285;0
3277;2;21;1.021;2
3278;3;4;2.897;0
3279;17;4;3.276;3
3280;5;11;2.430;4
3281;7;2;3.228;1
3282;17;29;0.215;0
3283;13;15;2.024;1
3284;6;5;3.034;3
3285;13;14;1.700;0
3286;0;14;2.096;1
3287;14;28;0.524;1
3288;9;15;1.303;3
3289;16;19;2.137;2
3290;19;12;2.422;3
3291;18;11;2.570;0
3292;18;9;2.703;0
3293;10;13;2.312;4
3294;7;1;3.385;1
3295;9;28;0.391;0
3296;13;2;3.598;2
3297;17;8;2.276;2
3298;4;10;2.711;3
3299;18;10;2.556;0
3300;16;24;1.028;0
3301;19;21;2.096;4
3302;17;9;2.381;4
3303;5;25;0.662;4
3304;2;13;1.997;0
3305;2;8;2.140;3
3306;5;19;1.361;3
3307;12;26;0.496;3
3308;16;20;1.288;3
3309;17;9;2.665;2
3310;12;21;0.955;0
3311;0;28;0.000;1
3312;3;8;2.317;0
3313;1;28;0.674;3
3314;7;4;2.537;2
3315;10;7;2.343;2
3316;0;10;2.240;0
3317;6;0;3.053;1
3318;3;20;0.954;3
3319;12;9;2.596;2
3320;9;0;4.000;3
3321;9;25;1.082;3
3322;8;29;0.528;3
3323;19;21;1.463;4
3324;4;6;2.007;3
3325;10;27;0.473;3
3326;14;13;2.378;1
3327;11;4;3.546;1
3328;18;16;2.288;4
3329;7;21;1.340;4
3330;9;25;0.813;3
3331;1;20;1.556;2
3332;12;5;3.263;2
3333;5;15;2.179;0
3334;3;10;2.220;2
3335;10;9;2.227;2
3336;10;14;1.566;1
3337;1;6;2.079;0
3338;13;22;1.562;0
3339;12;1;3.573;1
3340;3;11;2.073;2
3341;9;18;1.289;2
3342;14;11;2.547;0
3343;10;15;2.038;2
3344;7;5;2.916;0
3345;6;2;2.799;2
3346;12;1;3.250;3
3347;18;19;1.823;1
3348;13;4;2.993;4
3349;1;10;2.632;3
3350;9;25;0.933;2
3351;17;24;0.872;4
3352;1;2;2.452;3
3353;19;2;3.496;1
3354;18;21;1.089;4
3355;1;4;3.979;4
3356;18;21;1.521;1
3357;7;22;0.766;3
3358;16;10;2.471;4
3359;8;2;3.287;1
3360;8;12;2.121;3
3361;12;20;1.348;2
3362;15;7;2.463;0
3363;0;19;1.041;2
3364;11;9;2.670;2
3365;3;1;2.735;0
3366;6;3;2.742;2
3367;6;17;0.984;2
3368;9;18;1.455;1
3369;6;3;3.159;1
3370;2;19;1.067;3
3371;2;25;0.569;4
3372;0;8;1.935;3
3373;9;15;1.849;1
3374;19;25;0.825;1
3375;2;5;2.914;0
3376;18;24;1.165;0
3377;14;3;2.928;1
3378;12;8;2.652;2
3379;12;26;0.709;3
3380;16;12;2.509;1
3381;2;8;1.979;1
3382;10;5;2.956;0
3383;13;20;1.192;3
3384;11;18;1.810;3
3385;16;13;2.539;4
3386;1;20;1.396;1
3387;13;14;2.000;4
3388;10;2;3.456;0
3389;7;4;3.279;4
3390;6;20;1.142;2
3391;12;17;1.803;1
3392;17;13;2.140;1
